AEB;ZRP;share_cover_aeb_zrp;AREA_AEB;AREA_ZRP
013;1;0,665554643164837922419962978893;626917,9230182339;481607,3213754101
013;2;0,063563641082079139210669893600;626917,9230182339;39959,5914115170
014;2;0,000275456596327951631734964888;400809,2975062121;39959,5914115170
013;3;0,000295554530860715313888426037;626917,9230182339;37802,9688760173
014;3;0,034807923910699929692658116664;400809,2975062121;37802,9688760173
015;3;0,156054089917385868657717651331;151654,7302644821;37802,9688760173
012;4;0,000564774580162971250214820618;327925,9579883534;220602,2778535392
013;4;0,205124757042949162899603265942;626917,9230182339;220602,2778535392
015;4;0,529262694511455245027775617928;151654,7302644821;220602,2778535392
016;4;0,000011228693836972788370857923;691149,6896900591;220602,2778535392
014;5;0,902765978562525606143651657476;400809,2975062121;411771,2484930484
015;5;0,304251991029441504199581913781;151654,7302644821;411771,2484930484
016;5;0,000610519667082041746046516817;691149,6896900591;411771,2484930484
210;5;0,001457892476790697113345207647;511071,0854354203;411771,2484930484
211;5;0,000126399478102704935058089863;413768,8923279895;411771,2484930484
013;6;0,000395664080918130918115838135;626917,9230182339;558658,4583208561
014;6;0,006153840224289645714772500895;400809,2975062121;558658,4583208561
015;6;0,010431224541955672405202371067;151654,7302644821;558658,4583208561
016;6;0,798238340949242952682141094556;691149,6896900591;558658,4583208561
209;6;0,003232056851433069526169372665;239543,4949015453;558658,4583208561
210;6;0,003689405857236080499284014422;511071,0854354203;558658,4583208561
010;7;0,000127204711141760262857122732;191904,6216784967;55679,7647749409
012;7;0,000133895829239811153853548231;327925,9579883534;55679,7647749409
013;7;0,000558942659503970629662761294;626917,9230182339;55679,7647749409
016;7;0,079955053352142022027315704236;691149,6896900591;55679,7647749409
017;7;0,000001105456850635983897580307;112351,9811824684;55679,7647749409
010;8;0,000002056916699421437287262360;191904,6216784967;35617,8399107344
016;8;0,050857492332843541593678793333;691149,6896900591;35617,8399107344
017;8;0,004159295899401850224452736882;112351,9811824684;35617,8399107344
016;9;0,065793505779691910384521236210;691149,6896900591;46067,1648454256
017;9;0,002816734531014966798345700028;112351,9811824684;46067,1648454256
019;9;0,001699069591708129859167208942;163347,0685986355;46067,1648454256
016;10;0,002337844169681550440809125746;691149,6896900591;167875,7399509102
017;10;0,019998549715122292125268899099;112351,9811824684;167875,7399509102
018;10;0,004215607435538246648698557095;142820,0403147135;167875,7399509102
019;10;0,997775592413850387352169946098;163347,0685986355;167875,7399509102
020;10;0,000467463974644139910671891691;432660,3146384032;167875,7399509102
032;10;0,000189037292110317894575088893;275466,7971788114;167875,7399509102
209;10;0,000721977549791592300952591810;239543,4949015453;167875,7399509102
017;11;0,644255072828046282396030619566;112351,9811824684;72425,6363351848
018;11;0,000154138758075564622981867835;142820,0403147135;72425,6363351848
019;11;0,000124204325536758132270814814;163347,0685986355;72425,6363351848
009;12;0,001373144886834748619464097175;176496,2929885648;37306,9239112437
010;12;0,001323798106602225906763825591;191904,6216784967;37306,9239112437
017;12;0,327481806234807715227930202673;112351,9811824684;37306,9239112437
018;12;0,000121105010131235829736427723;142820,0403147135;37306,9239112437
009;13;0,001910717735818698650995806076;176496,2929885648;51855,4373589945
017;13;0,001287435335440965337300278648;112351,9811824684;51855,4373589945
018;13;0,359603243174141384841391300142;142820,0403147135;51855,4373589945
019;13;0,000091872867914799861178976048;163347,0685986355;51855,4373589945
009;14;0,003462087368407128565306329904;176496,2929885648;91979,0587170906
018;14;0,634033381474950696876646816236;142820,0403147135;91979,0587170906
019;14;0,000059565787379959873708290541;163347,0685986355;91979,0587170906
032;14;0,002509930566634940851677981755;275466,7971788114;91979,0587170906
033;14;0,000434472911743281984403575180;262864,7109466372;91979,0587170906
009;15;0,373586179400520357329895659859;176496,2929885648;65988,5613716841
018;15;0,000096593910388994538894838482;142820,0403147135;65988,5613716841
033;15;0,000145284049089705526603549801;262864,7109466372;65988,5613716841
007;16;0,004097924072992684130234408713;223040,2465167916;86743,2809332348
008;16;0,004546453604455300695486030804;85919,6522347927;86743,2809332348
009;16;0,482249599638059300854564526162;176496,2929885648;86743,2809332348
011;16;0,002711415704974488079942451790;119267,0652593886;86743,2809332348
003;17;0,000621344000134879540300780754;139057,8460231284;37990,8915518131
007;17;0,005308531320858938390427894660;223040,2465167916;37990,8915518131
009;17;0,000068976794862616181954265149;176496,2929885648;37990,8915518131
010;17;0,000633604767962325744409812778;191904,6216784967;37990,8915518131
011;17;0,306762866577106274590391876700;119267,0652593886;37990,8915518131
009;18;0,124654445671290706187939179017;176496,2929885648;68734,3500653487
010;18;0,243468917711100740763896510543;191904,6216784967;68734,3500653487
011;18;0,000087970271003995326696001111;119267,0652593886;68734,3500653487
010;19;0,177865231804495510514740885810;191904,6216784967;34234,2475792468
011;19;0,000847573131515976289050706693;119267,0652593886;34234,2475792468
003;20;0,001658007766008576201396951255;139057,8460231284;33791,8196633719
010;20;0,000054403411297838107467395030;191904,6216784967;33791,8196633719
011;20;0,281308342212762962919470055567;119267,0652593886;33791,8196633719
001;21;0,000391465720912848860399413375;264610,5278837083;79856,4423791326
003;21;0,000314247568938022807556731397;139057,8460231284;79856,4423791326
010;21;0,160873049788208932753263979976;191904,6216784967;79856,4423791326
011;21;0,406939399468718432384406469282;119267,0652593886;79856,4423791326
012;21;0,000922184290922594220897556827;327925,9579883534;79856,4423791326
010;22;0,322462772219725968270154226047;191904,6216784967;70583,8962241728
012;22;0,023943123434901309593003659870;327925,9579883534;70583,8962241728
016;22;0,001230165098790849493790022784;691149,6896900591;70583,8962241728
010;23;0,093188960562485045890923629486;191904,6216784967;59840,1933196248
011;23;0,000212040268133361091331540171;119267,0652593886;59840,1933196248
012;23;0,127868839463069483564083839156;327925,9579883534;59840,1933196248
001;24;0,020552441096866699843381809387;264610,5278837083;287088,0781719515
011;24;0,000212283610770168070566027430;119267,0652593886;287088,0781719515
012;24;0,841920161652044529709826292674;327925,9579883534;287088,0781719515
013;24;0,001492132722648497862930061508;626917,9230182339;287088,0781719515
001;25;0,811915480669494815657571962220;264610,5278837083;221266,6542095765
002;25;0,000891481306129871409887899247;137752,1560246138;221266,6542095765
012;25;0,004599083000185744118937236635;327925,9579883534;221266,6542095765
058;25;0,000000000005866775975860047984;302203,7104535847;221266,6542095765
060;25;0,000033863056211030829361404576;14237476,0750257671;221266,6542095765
001;26;0,142986319132513445273602314955;264610,5278837083;78362,8018596172
002;26;0,291258313911559818532026611138;137752,1560246138;78362,8018596172
003;26;0,002219134859779529900247752039;139057,8460231284;78362,8018596172
011;26;0,000813868091488916195822000965;119267,0652593886;78362,8018596172
003;27;0,361286445094586350368359717322;139057,8460231284;50252,1473302022
011;27;0,000104240663155627638603549501;119267,0652593886;50252,1473302022
002;28;0,370413421638293105520034487199;137752,1560246138;61009,7455312628
003;28;0,070268166472310072956375393005;139057,8460231284;61009,7455312628
055;28;0,000866252362136972833828174601;163188,2858492769;61009,7455312628
057;28;0,000349118449344508745713772102;205649,3106384072;61009,7455312628
002;29;0,325350567073839747056496207733;137752,1560246138;85511,0625105314
003;29;0,102791699090321195231290118954;139057,8460231284;85511,0625105314
004;29;0,288245191807749157053564204034;88853,0170222857;85511,0625105314
055;29;0,004828001160736735720979684316;163188,2858492769;85511,0625105314
003;30;0,338936560922512231108782998490;139057,8460231284;47290,2750954926
007;30;0,000710575770786779745309680312;223040,2465167916;47290,2750954926
003;31;0,003480859651840189240151746120;139057,8460231284;65315,4278486650
007;31;0,290671248869472487186271791870;223040,2465167916;65315,4278486650
003;32;0,118423534573408137382521942982;139057,8460231284;54183,6630635560
004;32;0,184160826190611026653698445443;88853,0170222857;54183,6630635560
005;32;0,117383444211043963534280010208;77661,8665280100;54183,6630635560
007;32;0,054862201854413712720504037179;223040,2465167916;54183,6630635560
002;33;0,000001899713150966492386517714;137752,1560246138;75460,0447588628
004;33;0,527585862136687566703585616779;88853,0170222857;75460,0447588628
005;33;0,364711047730363113750229331345;77661,8665280100;75460,0447588628
055;33;0,001581282434810774017996948260;163188,2858492769;75460,0447588628
005;34;0,512008644978385607515747324214;77661,8665280100;123532,4627382960
006;34;0,988654079141383257400832462736;83390,8234801424;123532,4627382960
007;34;0,005142986341293067156787977012;223040,2465167916;123532,4627382960
008;34;0,002061751278033557236574191407;85919,6522347927;123532,4627382960
006;35;0,000129636196629241104731275480;83390,8234801424;84170,4386469014
007;35;0,251906229320625896228591500403;223040,2465167916;84170,4386469014
008;35;0,325587918053395763973156817883;85919,6522347927;84170,4386469014
007;36;0,386804287128918344862427147746;223040,2465167916;98843,7527802695
008;36;0,146309126006947093356913569551;85919,6522347927;98843,7527802695
007;37;0,000496015321022838669672017087;223040,2465167916;43227,3754478041
008;37;0,501826333637106047902420868922;85919,6522347927;43227,3754478041
002;38;0,000076215917387205576950977293;137752,1560246138;243803,2254371010
004;38;0,000008119864846558991479559542;88853,0170222857;243803,2254371010
005;38;0,000752885502401621727920633109;77661,8665280100;243803,2254371010
051;38;0,154004993691338271100121914969;203958,5246917610;243803,2254371010
054;38;0,357872176260214891474475962241;146075,8935025893;243803,2254371010
055;38;0,980746899288118756388143992808;163188,2858492769;243803,2254371010
050;39;0,001291730049835330788876586183;224367,8330205986;206617,7330489606
051;39;0,829671410977156464916504319262;203958,5246917610;206617,7330489606
052;39;0,240927470440716606780995334702;151611,9717120379;206617,7330489606
056;39;0,000055355081033790979445040337;267270,0929512307;206617,7330489606
059;39;0,000148829478438140811033182920;3810198,2896893118;206617,7330489606
051;40;0,000383955863034134722931028927;203958,5246917610;167687,6494021192
052;40;0,743769614651675126104635182855;151611,9717120379;167687,6494021192
054;40;0,375455246166373213245748274858;146075,8935025893;167687,6494021192
005;41;0,005143977578270608579102951552;77661,8665280100;179973,7698515989
006;41;0,011216284662061700577728728945;83390,8234801424;179973,7698515989
008;41;0,010137134678524077971428773992;85919,6522347927;179973,7698515989
052;41;0,000889259092354132254024112747;151611,9717120379;179973,7698515989
053;41;0,993010381044919010484761656699;139272,2016877374;179973,7698515989
054;41;0,266672577573467184386402095697;146075,8935025893;179973,7698515989
033;41;0,001445478233024143858292953624;262864,7109466372;179973,7698515989
053;42;0,000762087953067686128642843624;139272,2016877374;169260,3789823614
035;42;0,000011734548154540287616745542;268241,0357308351;169260,3789823614
033;42;0,000012058566212278716916171672;262864,7109466372;169260,3789823614
034;42;0,002364522154560337596773678115;274314,2253560894;169260,3789823614
038;42;0,001301146925357606065620785785;161005,0152750416;169260,3789823614
039;42;0,998746594274875665320223561139;167222,3065155745;169260,3789823614
040;42;0,007234608539855547429398008319;176526,6892220974;169260,3789823614
048;43;0,002436357768045634576009605965;150201,5589696392;166567,6370333731
049;43;0,002627171899017856880609311787;150317,0249384523;166567,6370333731
052;43;0,000016317547379332046305656923;151611,9717120379;166567,6370333731
053;43;0,006227531001794676078497925431;139272,2016877374;166567,6370333731
040;43;0,934345896770875650183540983562;176526,6892220974;166567,6370333731
047;44;0,000008166234726711935241853790;163573,3075338341;224074,8723897524
048;44;0,469835074140331931946690247059;150201,5589696392;224074,8723897524
049;44;0,997372828101115715959679164371;150317,0249384523;224074,8723897524
050;44;0,006171856028212184194781109170;224367,8330205986;224074,8723897524
051;44;0,000068077260454389249217169167;203958,5246917610;224074,8723897524
052;44;0,014397338268134886665738925160;151611,9717120379;224074,8723897524
047;45;0,000121114697834649609627620526;163573,3075338341;223337,9391134083
050;45;0,984667052989528057693746632140;224367,8330205986;223337,9391134083
051;45;0,011353365816818179745428807337;203958,5246917610;223337,9391134083
066;45;0,000351703963635612796428953075;212961,2434891127;223337,9391134083
047;46;0,927017417679683375375532250473;163573,3075338341;152240,6508555040
050;46;0,002698005752644178599497504223;224367,8330205986;152240,6508555040
047;47;0,004965835210999945854848380833;163573,3075338341;76250,4441983011
048;47;0,502246225842625348967374065978;150201,5589696392;76250,4441983011
047;48;0,000212656244075839812208983393;163573,3075338341;136491,3524873666
048;48;0,023900938729065006327356712745;150201,5589696392;136491,3524873666
045;48;0,638015996158416975880811605748;207190,6697462460;136491,3524873666
046;48;0,003485354259619302154382669556;193853,4051362963;136491,3524873666
048;49;0,001581403519904941252713359567;150201,5589696392;161359,9858774357
038;49;0,000013694469406379603858368160;161005,0152750416;161359,9858774357
040;49;0,058407455678443791213805269535;176526,6892220974;161359,9858774357
041;49;0,987482855142270410375715528062;151466,6306862906;161359,9858774357
045;49;0,005980365915903035345380089893;207190,6697462460;161359,9858774357
035;50;0,006852675581077544500474552081;268241,0357308351;162472,3709891737
038;50;0,993940805691860274073690106889;161005,0152750416;162472,3709891737
039;50;0,000826137040253415843443773880;167222,3065155745;162472,3709891737
040;50;0,000012039010604871853749074997;176526,6892220974;162472,3709891737
041;50;0,003066509373605574677312812781;151466,6306862906;162472,3709891737
035;51;0,000024932797522606532842660843;268241,0357308351;224774,5370460758
036;51;0,012641036154230117852237391673;210898,8340063766;224774,5370460758
038;51;0,004743870826953260066982664966;161005,0152750416;224774,5370460758
037;51;0,997345979250530145776565404958;219873,7158010416;224774,5370460758
108;51;0,007985528720310032524398735632;256453,3847213499;224774,5370460758
038;52;0,000000482086369745191219583075;161005,0152750416;165647,4986956418
041;52;0,009450635483800018041278256931;151466,6306862906;165647,4986956418
037;52;0,000649434365377673811919878588;219873,7158010416;165647,4986956418
042;52;0,998290755508696503461862903350;161488,5961889552;165647,4986956418
044;52;0,007979200776092780847403851396;251197,3597039990;165647,4986956418
045;52;0,004132641464152138864596164325;207190,6697462460;165647,4986956418
042;53;0,000125459716920090451732286430;161488,5961889552;215091,8000978902
043;53;0,000001383442190025472089305592;190852,8818670128;215091,8000978902
044;53;0,562297386604411086885590975726;251197,3597039990;215091,8000978902
045;53;0,351870996461993046366956150450;207190,6697462460;215091,8000978902
046;53;0,004742085624006071691016739322;193853,4051362963;215091,8000978902
047;54;0,055675236863573576706620826826;163573,3075338341;201344,9514466561
044;54;0,001240430400798874389228787507;251197,3597039990;201344,9514466561
046;54;0,989946894144559386141679624416;193853,4051362963;201344,9514466561
079;54;0,000000381594941904248746798040;217239,7722554766;201344,9514466561
076;54;0,000065020593633468022729156310;333997,7498916622;201344,9514466561
042;55;0,000000003879485565070442911004;161488,5961889552;157511,0815369897
043;55;0,256288283237642078304929782462;190852,8818670128;157511,0815369897
044;55;0,428482875447673272617521433858;251197,3597039990;157511,0815369897
079;55;0,003970392482307017779918911771;217239,7722554766;157511,0815369897
106;55;0,000344520957373736129783492466;294406,8111348804;157511,0815369897
037;56;0,002004586383614523001361895638;219873,7158010416;144232,9469190575
042;56;0,001583780895303478399721575087;161488,5961889552;144232,9469190575
043;56;0,743057047346342036675537201518;190852,8818670128;144232,9469190575
106;56;0,001129933101719280200136985570;294406,8111348804;144232,9469190575
107;56;0,006163295511310010015015858897;223047,9210748113;144232,9469190575
108;56;0,000056460082049411256148799265;256453,3847213499;144232,9469190575
035;57;0,001394815193159843359077543212;268241,0357308351;164971,9253966659
036;57;0,774151571618671874297490376193;210898,8340063766;164971,9253966659
125;57;0,008730119183484550196561180258;120413,6519026048;164971,9253966659
108;57;0,001087485719814160981672168660;256453,3847213499;164971,9253966659
027;58;0,000065441500418503482081923617;280703,3256394863;271611,2059603222
028;58;0,988388624632290602178841254499;246806,1149301026;271611,2059603222
029;58;0,007094083815956972287330994931;252587,3333623065;271611,2059603222
036;58;0,114805766028566721970172181955;210898,8340063766;271611,2059603222
131;58;0,008086084803903558632098835801;203831,8865743838;271611,2059603222
028;59;0,005499341104527788806621835249;246806,1149301026;324161,5626333010
029;59;0,976802982564220045880176712672;252587,3333623065;324161,5626333010
035;59;0,208943061354495140946596620779;268241,0357308351;324161,5626333010
036;59;0,094970310965149476456481636433;210898,8340063766;324161,5626333010
035;60;0,777042341340149600448228284222;268241,0357308351;208446,1480636001
036;60;0,000054555141713381232262958243;210898,8340063766;208446,1480636001
035;61;0,003912121652301729299305854681;268241,0357308351;223992,7009357587
033;61;0,027637551424098457525380112543;262864,7109466372;223992,7009357587
034;61;0,786131095589532535861110318365;274314,2253560894;223992,7009357587
039;61;0,000187952738994915790216727602;167222,3065155745;223992,7009357587
029;62;0,006255704447954132073339561515;252587,3333623065;225363,8335532546
035;62;0,001818317532848790982202835664;268241,0357308351;225363,8335532546
031;62;0,991225711499281181282583474967;167244,8043117458;225363,8335532546
034;62;0,209681522156052069227882839186;274314,2253560894;225363,8335532546
029;63;0,008319130725532277587097595983;252587,3333623065;163238,2090761811
030;63;0,988858959167490669805999914388;161450,3585016364;163238,2090761811
031;63;0,005346557913755035224001588290;167244,8043117458;163238,2090761811
032;63;0,002145756001035487199601892172;275466,7971788114;163238,2090761811
008;64;0,009531282742456065673608556210;85919,6522347927;533050,2703027546
009;64;0,012694848504186657597858634006;176496,2929885648;533050,2703027546
018;64;0,001775930237038637849941724589;142820,0403147135;533050,2703027546
020;64;0,000359882211818769942937579209;432660,3146384032;533050,2703027546
030;64;0,001390277642033479641933690907;161450,3585016364;533050,2703027546
031;64;0,003427730587029222900780078831;167244,8043117458;533050,2703027546
032;64;0,991696211672564609251878664509;275466,7971788114;533050,2703027546
033;64;0,970325154815800505758716099081;262864,7109466372;533050,2703027546
034;64;0,001822860099759772856825579268;274314,2253560894;533050,2703027546
039;64;0,000239315945727922388137215437;167222,3065155745;533050,2703027546
019;65;0,000249695013747295159294015132;163347,0685986355;431679,3256071545
020;65;0,989176038692727188639253199653;432660,3146384032;431679,3256071545
022;65;0,005775162679293279963110840924;279719,0249673966;431679,3256071545
030;65;0,002590837476213100117744536632;161450,3585016364;431679,3256071545
032;65;0,003459064468513589011428033260;275466,7971788114;431679,3256071545
209;65;0,002816818724427985060065893208;239543,4949015453;431679,3256071545
020;66;0,009992618166819247638166245906;432660,3146384032;222529,5001202177
021;66;0,977236044808179937781744683889;216976,4407374818;222529,5001202177
022;66;0,012887366650689608890689719090;279719,0249673966;222529,5001202177
208;66;0,002767510480245595830273153126;882497,8912751046;222529,5001202177
209;66;0,000508167590003939383287712150;239543,4949015453;222529,5001202177
022;67;0,981337470670300970887467428838;279719,0249673966;289713,1758780708
023;67;0,066846794856358721093059216400;159516,4532430638;289713,1758780708
027;67;0,005605086521864414972338153120;280703,3256394863;289713,1758780708
028;67;0,000050509910746527591899647514;246806,1149301026;289713,1758780708
029;67;0,001528098446469130415950599122;252587,3333623065;289713,1758780708
030;67;0,007159925714389350770439079952;161450,3585016364;289713,1758780708
208;67;0,001612999123251238802259632799;882497,8912751046;289713,1758780708
023;68;0,930703030689726484858681487822;159516,4532430638;282826,0230570100
024;68;0,332720561131370051732858428295;208608,2674106136;282826,0230570100
027;68;0,205434058770027766493981857820;280703,3256394863;282826,0230570100
028;68;0,000185368213613953014724800017;246806,1149301026;282826,0230570100
208;68;0,008208000671521871113855972624;882497,8912751046;282826,0230570100
024;69;0,663464440102386476816320737271;208608,2674106136;209051,1243213081
025;69;0,347894093924748071255947934333;202964,4401205406;209051,1243213081
202;69;0,000000175785925734783084759330;163826,9070629757;209051,1243213081
203;69;0,000188625376565944026215418394;195086,1041889582;209051,1243213081
024;70;0,001715215885415393316099086363;208608,2674106136;221641,7383464873
025;70;0,001484074768285060944364439628;202964,4401205406;221641,7383464873
027;70;0,784759758756720438022114194609;280703,3256394863;221641,7383464873
028;70;0,002828299521696672237658365390;246806,1149301026;221641,7383464873
025;71;0,042884865777814570875214883472;202964,4401205406;166128,6017653532
026;71;0,814878790549358522632417134446;190036,8603612371;166128,6017653532
027;71;0,003179327996301006126200761059;280703,3256394863;166128,6017653532
132;71;0,001376116680570824883991787324;137844,9656383693;166128,6017653532
135;71;0,006636207448556630944525025484;223825,6376491030;166128,6017653532
025;72;0,604841957449386180556416547915;202964,4401205406;159294,1506308317
026;72;0,183933156005598952287272140893;190036,8603612371;159294,1506308317
135;72;0,000015680388214815345082966958;223825,6376491030;159294,1506308317
136;72;0,009530658397841789905569065411;113904,1648677737;159294,1506308317
141;72;0,001926251398782538809886788478;250805,4408117048;159294,1506308317
202;72;0,000039408682422186365999078328;163826,9070629757;159294,1506308317
001;73;0,023938564927980934132767387723;264610,5278837083;392279,1063701159
002;73;0,009591381913968775180245884826;137752,1560246138;392279,1063701159
057;73;0,002777110300031571804568741868;205649,3106384072;392279,1063701159
058;73;0,991836893913338291106640554062;302203,7104535847;392279,1063701159
059;73;0,019391612821331102867183915350;3810198,2896893118;392279,1063701159
060;73;0,000732551622533704829831613381;14237476,0750257671;392279,1063701159
002;74;0,002416718526361091422954840979;137752,1560246138;412028,8213336403
055;74;0,009247207810951684620048851571;163188,2858492769;412028,8213336403
057;74;0,996273067323302785602834319434;205649,3106384072;412028,8213336403
058;74;0,000220255807995076510622314836;302203,7104535847;412028,8213336403
056;74;0,001133283327160509090444917568;267270,0929512307;412028,8213336403
059;74;0,053785797275690140628601199069;3810198,2896893118;412028,8213336403
051;75;0,001599757430159648831716201478;203958,5246917610;310183,5914918476
055;75;0,002730356943089077940978182113;163188,2858492769;310183,5914918476
057;75;0,000600703926996765547735579460;205649,3106384072;310183,5914918476
056;75;0,971677078230832713678921663814;267270,0929512307;310183,5914918476
059;75;0,013014542530676865769723171695;3810198,2896893118;310183,5914918476
001;76;0,000208812191946024401905529500;264610,5278837083;5548413,8391922135
050;76;0,001641876309082313791995466623;224367,8330205986;5548413,8391922135
051;76;0,002918438960436122754649179711;203958,5246917610;5548413,8391922135
058;76;0,007942850272969334199379964900;302203,7104535847;5548413,8391922135
056;76;0,027134283361435855563836838655;267270,0929512307;5548413,8391922135
059;76;0,878897161807589810678109643050;3810198,2896893118;5548413,8391922135
060;76;0,140164918546264533061318502405;14237476,0750257671;5548413,8391922135
062;76;0,136261661018629187669404245753;246074,4461501758;5548413,8391922135
064;76;0,200841455222611597886128720347;327506,0980534015;5548413,8391922135
065;76;0,002248906379239710116857420275;297069,4867167731;5548413,8391922135
066;76;0,004479638839688743212619215228;212961,2434891127;5548413,8391922135
067;76;0,002905943733017924811984356026;196966,2112533972;5548413,8391922135
059;77;0,001063222049195670275770209123;3810198,2896893118;10654293,1335202232
060;77;0,731055728623869138793622823869;14237476,0750257671;10654293,1335202232
060;78;0,021555877453332646792594218255;14237476,0750257671;824381,9643578082
061;78;0,981582939713972368878103225143;523549,3878949359;824381,9643578082
062;78;0,000579064482231854719615493643;246074,4461501758;824381,9643578082
063;78;0,001607309065331123882139352510;171479,9956707666;824381,9643578082
059;79;0,005178005507845908836350723448;3810198,2896893118;770971,7822359204
060;79;0,010781318738797115303063023362;14237476,0750257671;770971,7822359204
061;79;0,001975789137166120840172212070;523549,3878949359;770971,7822359204
062;79;0,863159274498927486796162611427;246074,4461501758;770971,7822359204
063;79;0,936043772304857912835984734556;171479,9956707666;770971,7822359204
064;79;0,683331219196929517956107247301;327506,0980534015;770971,7822359204
059;80;0,028464804362464398573839829965;3810198,2896893118;448572,6744179651
063;80;0,046341041625752074639699173986;171479,9956707666;448572,6744179651
064;80;0,115827325580508538882540392478;327506,0980534015;448572,6744179651
065;80;0,990459880970220196694242531521;297069,4867167731;448572,6744179651
050;81;0,002165448057216526594331851285;224367,8330205986;223900,4095223136
059;81;0,000056024166771723551191269896;3810198,2896893118;223900,4095223136
065;81;0,003705561417660983066640900674;297069,4867167731;223900,4095223136
066;81;0,273938955555127761076761316872;212961,2434891127;223900,4095223136
067;81;0,831307024637505498354528299387;196966,2112533972;223900,4095223136
068;81;0,000120026337934018366535200706;187496,9737175703;223900,4095223136
061;82;0,001933635346248552136852461025;523549,3878949359;379016,6012171134
063;82;0,016007877004168360318692165833;171479,9956707666;379016,6012171134
065;82;0,003585651233100708903250852799;297069,4867167731;379016,6012171134
067;82;0,001620482535295443083170341403;196966,2112533972;379016,6012171134
068;82;0,583495964913327447298740935366;187496,9737175703;379016,6012171134
069;82;0,679850685484000960556727477524;384715,8331194054;379016,6012171134
069;83;0,319577608220261266680495282344;384715,8331194054;253011,0906772342
070;83;0,002700065324814785935880756540;273919,7251055930;253011,0906772342
072;83;0,000037610481710505706701239831;249539,5562681612;253011,0906772342
073;83;0,608104948866137307028623126826;212017,8351392196;253011,0906772342
066;84;0,002037907998508946359056404063;212961,2434891127;225903,0621834018
067;84;0,164166549094253322316205867537;196966,2112533972;225903,0621834018
068;84;0,416384008748766576424316099292;187496,9737175703;225903,0621834018
069;84;0,000435451745088136752976498700;384715,8331194054;225903,0621834018
073;84;0,003445785762919367258005909349;212017,8351392196;225903,0621834018
074;84;0,999986105198023111917393634940;113859,5631954694;225903,0621834018
075;84;0,001657344386041518895236190900;185228,6537747650;225903,0621834018
047;85;0,011999573069246106601926094015;163573,3075338341;353597,2836093791
050;85;0,001364030813637034066088116191;224367,8330205986;353597,2836093791
066;85;0,719191793642997345692435828823;212961,2434891127;353597,2836093791
046;85;0,001190172096996910044638950943;193853,4051362963;353597,2836093791
072;85;0,000145725523664184421473305475;249539,5562681612;353597,2836093791
074;85;0,000005829616980340434640936453;113859,5631954694;353597,2836093791
075;85;0,994001778429661309033349425590;185228,6537747650;353597,2836093791
076;85;0,041267021159966291166121266087;333997,7498916622;353597,2836093791
046;86;0,000635434284909945070948800172;193853,4051362963;321533,1996094510
072;86;0,000752371530099266074692598849;249539,5562681612;321533,1996094510
075;86;0,003789816237500026694512422765;185228,6537747650;321533,1996094510
076;86;0,957011494758556624518064381846;333997,7498916622;321533,1996094510
077;86;0,004477401159806211443370482783;196677,4007391520;321533,1996094510
071;87;0,003440010021868367649788833518;140669,8107734732;250204,7172084721
084;87;0,005628528358366339037766046260;146686,9849004596;250204,7172084721
085;87;0,000039505770329547541439528524;211208,8232981227;250204,7172084721
072;87;0,996918226507009341830212179048;249539,5562681612;250204,7172084721
073;87;0,000017334789708476885445286031;212017,8351392196;250204,7172084721
074;87;0,000008065185179042403323251831;113859,5631954694;250204,7172084721
075;87;0,000551060946657610183606335053;185228,6537747650;250204,7172084721
076;87;0,000028856749801187395784718426;333997,7498916622;250204,7172084721
072;88;0,001382836622465039716489698662;249539,5562681612;81171,9066642097
073;88;0,381226580178722351810449708864;212017,8351392196;81171,9066642097
070;89;0,984547838768141225784802372800;273919,7251055930;271864,3152456313
071;89;0,001779199872697708774416103239;140669,8107734732;271864,3152456313
085;89;0,000965596284926869305280383582;211208,8232981227;271864,3152456313
072;89;0,000035084467856959098341559922;249539,5562681612;271864,3152456313
073;89;0,007205350402751818997271193723;212017,8351392196;271864,3152456313
070;90;0,000049405541820909535041805860;273919,7251055930;139920,9631815851
071;90;0,990481820801404566623205028009;140669,8107734732;139920,9631815851
085;90;0,002265908216550688476786934444;211208,8232981227;139920,9631815851
072;90;0,000392562669590103578351469871;249539,5562681612;139920,9631815851
085;91;0,000005177949408910291575515450;211208,8232981227;848073,5060585216
086;91;0,975316577421469932396291824261;862147,8444230335;848073,5060585216
087;91;0,002230520879467734040452198130;842014,2789304046;848073,5060585216
083;92;0,000024712581352878990282803673;180614,4750597030;840137,2014632281
085;92;0,007262611067350531815489667053;211208,8232981227;840137,2014632281
086;92;0,005990923409409913517886803191;862147,8444230335;840137,2014632281
087;92;0,989809519419146521812535866047;842014,2789304046;840137,2014632281
071;93;0,004298969304336842760239090211;140669,8107734732;205846,7889580429
085;93;0,971597764280313080931250624417;211208,8232981227;205846,7889580429
087;93;0,000038043590847704334800827297;842014,2789304046;205846,7889580429
084;94;0,982264588689501838558726376505;146686,9849004596;145056,0661564097
085;94;0,004197074100507838453899545073;211208,8232981227;145056,0661564097
072;94;0,000335405614148090176328959044;249539,5562681612;145056,0661564097
077;94;0,000002436562747982158168291722;196677,4007391520;145056,0661564097
078;95;0,001846177556402458456302762002;213268,0685971007;195202,4086213410
084;95;0,000807517511507795104908069561;146686,9849004596;195202,4086213410
072;95;0,000000176583855752803514640656;249539,5562681612;195202,4086213410
076;95;0,000847517872313885401412691945;333997,7498916622;195202,4086213410
077;95;0,988456791340102336462791754457;196677,4007391520;195202,4086213410
044;96;0,000000106771126213789928837642;251197,3597039990;214301,1941956729
046;96;0,000000059589560935776461686117;193853,4051362963;214301,1941956729
078;96;0,992303222329316669814147644502;213268,0685971007;214301,1941956729
079;96;0,002360586069143849521217992660;217239,7722554766;214301,1941956729
080;96;0,003393963084786450704749549701;121875,3962834347;214301,1941956729
084;96;0,000670522995527970608331536084;146686,9849004596;214301,1941956729
076;96;0,000780088865458981135445060140;333997,7498916622;214301,1941956729
077;96;0,007063370936782388878616423256;196677,4007391520;214301,1941956729
043;97;0,000644509757022832798986633485;190852,8818670128;222999,8977655955
078;97;0,001765442644558058932560684617;213268,0685971007;222999,8977655955
079;97;0,993668639853805490957938673091;217239,7722554766;222999,8977655955
080;97;0,005075937194642887728690539006;121875,3962834347;222999,8977655955
081;97;0,008921569857293499064554431754;207403,2070391669;222999,8977655955
106;97;0,014154005422932072061348307557;294406,8111348804;222999,8977655955
078;98;0,004085157470048284000796456894;213268,0685971007;437220,9237526618
080;98;0,991530099720534408014316340996;121875,3962834347;437220,9237526618
081;98;0,024342985084979968518625881302;207403,2070391669;437220,9237526618
082;98;1,000000000000058841820305133297;126644,2504905965;437220,9237526618
083;98;0,998947408479075815712633357180;180614,4750597030;437220,9237526618
084;98;0,010628842445087839305162269454;146686,9849004596;437220,9237526618
085;98;0,000060328125539953387796582307;211208,8232981227;437220,9237526618
087;98;0,002158260471020805211506132792;842014,2789304046;437220,9237526618
081;99;0,960091227694747972876143649046;207403,2070391669;319309,4720162335
083;99;0,001027878940057903346672052436;180614,4750597030;319309,4720162335
087;99;0,000318875383093891284595755575;842014,2789304046;319309,4720162335
088;99;0,501980384355458220113632705761;235005,9220191427;319309,4720162335
096;99;0,005771028665140234652219941580;297154,8680772372;319309,4720162335
097;99;0,000400812166291853887081092500;114948,0543896416;319309,4720162335
086;100;0,004453579638337042123641396074;862147,8444230335;1254138,8218676969
087;100;0,005444780256682245529742392165;842014,2789304046;1254138,8218676969
088;100;0,497317335602164678487469018364;235005,9220191427;1254138,8218676969
089;100;0,965297984431490729839708819782;802565,4071769454;1254138,8218676969
090;100;0,214681715862696353980254571070;1647417,2806378873;1254138,8218676969
094;100;0,000162444116628960617690694002;339678,5341133289;1254138,8218676969
096;100;0,000936440557573784532717497964;297154,8680772372;1254138,8218676969
089;101;0,032088130634653086459273652054;802565,4071769454;1335214,8240485433
090;101;0,781699861403757467748221188231;1647417,2806378873;1335214,8240485433
092;101;0,000000499677654753653174672656;3303697,6683320822;1335214,8240485433
093;101;0,003855258923876035432459774555;1726954,6887084311;1335214,8240485433
094;101;0,000000572120424207198201814462;339678,5341133289;1335214,8240485433
081;102;0,005735875609954235211651596416;207403,2070391669;369951,6816337091
097;102;0,820361091494418270819721783482;114948,0543896416;369951,6816337091
098;102;0,000703369458227198502547894421;241291,5007587017;369951,6816337091
104;102;0,000196253923209654225013123807;261116,2536278501;369951,6816337091
105;102;0,527474189537608939559731879854;185915,2324181892;369951,6816337091
106;102;0,598412386893228398498933984229;294406,8111348804;369951,6816337091
043;103;0,000008776216640448153426951050;190852,8818670128;120540,4459512830
106;103;0,081495961295207905439319517882;294406,8111348804;120540,4459512830
107;103;0,430437997837396280065291875871;223047,9210748113;120540,4459512830
108;103;0,002095914354904442142984999364;256453,3847213499;120540,4459512830
125;104;0,000189257236316071035140892742;120413,6519026048;253587,6222889014
107;104;0,000069810631602651971889389459;223047,9210748113;253587,6222889014
108;104;0,986549185982412923934248283331;256453,3847213499;253587,6222889014
109;104;0,002516167477102355162082991669;216751,8987845946;253587,6222889014
107;105;0,002191648768279747579862393181;223047,9210748113;215795,4603715139
109;105;0,991109508295896501905986042402;216751,8987845946;215795,4603715139
110;105;0,000003315449015734473365299775;231528,2216925304;215795,4603715139
111;105;0,001689289833337723981815381435;284724,5120438403;215795,4603715139
104;106;0,000624990975924615064888978377;261116,2536278501;301402,6133491360
105;106;0,467272805556778914048976503182;185915,2324181892;301402,6133491360
106;106;0,304463192329493426147024592865;294406,8111348804;301402,6133491360
107;106;0,559208297645297780498196971166;223047,9210748113;301402,6133491360
099;107;0,000329529970281112680186019759;431719,8200039617;262057,0441594720
102;107;0,000007543237873671050523760595;235427,3873693107;262057,0441594720
103;107;0,003771493801474189427186400891;261281,1192907039;262057,0441594720
104;107;0,995994229846223100288682417158;261116,2536278501;262057,0441594720
105;107;0,001847096826329454408860408776;185915,2324181892;262057,0441594720
107;107;0,001927512062055924133355255812;223047,9210748113;262057,0441594720
110;107;0,000362679790868860772116294422;231528,2216925304;262057,0441594720
102;108;0,000092303426446068955260604305;235427,3873693107;231466,4671837287
104;108;0,001565963971918110089406872554;261116,2536278501;231466,4671837287
107;108;0,000001437543919171626420009519;223047,9210748113;231466,4671837287
109;108;0,004507114123351255857707897690;216751,8987845946;231466,4671837287
110;108;0,992962237536889502642623028805;231528,2216925304;231466,4671837287
111;108;0,000561281261983341442194095361;284724,5120438403;231466,4671837287
102;109;0,000000598729873901276438618799;235427,3873693107;283517,9467384014
112;109;0,002555875952419567678775003117;359146,2668372854;283517,9467384014
124;109;0,000548679860938667087778830567;139492,2459422700;283517,9467384014
109;109;0,000947968450662921681762473902;216751,8987845946;283517,9467384014
110;109;0,002325852512672607272370406406;231528,2216925304;283517,9467384014
111;109;0,989656139569548343182248117955;284724,5120438403;283517,9467384014
102;110;0,000002846406648295974857638957;235427,3873693107;358877,0341533846
112;110;0,991708481383906104156267247163;359146,2668372854;358877,0341533846
113;110;0,005590899839048774772054528626;203988,7308020036;358877,0341533846
114;110;0,000081761136554031081848797902;263807,6676067348;358877,0341533846
115;110;0,001829970761276342953310924955;279655,0282672849;358877,0341533846
111;110;0,003632124407596811366955025235;284724,5120438403;358877,0341533846
101;111;0,000220377743723073802294132317;605739,3949321385;176632,8907994172
102;111;0,000462049890430891421928827345;235427,3873693107;176632,8907994172
112;111;0,001461269814358062820933148451;359146,2668372854;176632,8907994172
113;111;0,861626508532685631003289472574;203988,7308020036;176632,8907994172
115;111;0,000370859128757927301780344953;279655,0282672849;176632,8907994172
092;112;0,138948265403196297151922067314;3303697,6683320822;2057831,0455007695
093;112;0,000085933928475108624237335797;1726954,6887084311;2057831,0455007695
099;112;0,000434239268639507829377482961;431719,8200039617;2057831,0455007695
100;112;0,853659217009455240088300342904;1131193,5891732592;2057831,0455007695
101;112;0,998334828857650791178457438946;605739,3949321385;2057831,0455007695
102;112;0,002640557542947685916445710319;235427,3873693107;2057831,0455007695
103;112;0,000892881391517045229500038062;261281,1192907039;2057831,0455007695
113;112;0,126514171608603759322519977104;203988,7308020036;2057831,0455007695
115;112;0,000134928771000045741920020381;279655,0282672849;2057831,0455007695
116;112;0,002113944955721192703324007311;496322,7106618043;2057831,0455007695
150;112;0,000189264559399738847671190722;1681203,6642318030;2057831,0455007695
100;113;0,001004683775468457164817270844;1131193,5891732592;237967,3802460935
101;113;0,000016002929789916964920144793;605739,3949321385;237967,3802460935
102;113;0,995536788374118297717529912916;235427,3873693107;237967,3802460935
103;113;0,000685763090619142764471638518;261281,1192907039;237967,3802460935
112;113;0,000456806706698413577706630040;359146,2668372854;237967,3802460935
113;113;0,005368582852108271311064591202;203988,7308020036;237967,3802460935
110;113;0,004345914711245267743333631216;231528,2216925304;237967,3802460935
099;114;0,290205765393385828332384335226;431719,8200039617;385729,1935982369
100;114;0,000028624334920738633207364099;1131193,5891732592;385729,1935982369
102;114;0,001257312392147228764793798206;235427,3873693107;385729,1935982369
103;114;0,994649861716856209525872145605;261281,1192907039;385729,1935982369
104;114;0,000880826788110560345880506450;261116,2536278501;385729,1935982369
095;115;0,000139411235816622858631544379;683656,3653782752;304409,8964285254
099;115;0,704460882735784554853353256476;431719,8200039617;304409,8964285254
104;115;0,000707966481316341035741335208;261116,2536278501;304409,8964285254
081;116;0,000188259264829059399419877718;207403,2070391669;261990,0781682185
095;116;0,000661160325938540201391735440;683656,3653782752;261990,0781682185
097;116;0,178390824231764333340777284320;114948,0543896416;261990,0781682185
098;116;0,993432400344746557863118141540;241291,5007587017;261990,0781682185
099;116;0,001495345002501915912876406800;431719,8200039617;261990,0781682185
104;116;0,000029768013416556843504442997;261116,2536278501;261990,0781682185
105;116;0,003405908079207633967072643699;185915,2324181892;261990,0781682185
081;117;0,000720082488396787132392540265;207403,2070391669;213731,5346218906
088;117;0,000702280042405118917758777286;235005,9220191427;213731,5346218906
090;117;0,000172782518036120632913543727;1647417,2806378873;213731,5346218906
094;117;0,028956417390591418503653642347;339678,5341133289;213731,5346218906
096;117;0,680513781509124560109569301858;297154,8680772372;213731,5346218906
097;117;0,000847272107538378635091524949;114948,0543896416;213731,5346218906
098;117;0,004066673151605344413428433370;241291,5007587017;213731,5346218906
090;118;0,000669494178202940980540458504;1647417,2806378873;546449,0023267195
094;118;0,647637922967417622999164450448;339678,5341133289;546449,0023267195
095;118;0,338341725932453096792329461096;683656,3653782752;546449,0023267195
096;118;0,312778749268408706729616142184;297154,8680772372;546449,0023267195
098;118;0,001797557045106812790430383941;241291,5007587017;546449,0023267195
099;118;0,001552923649182537044199925447;431719,8200039617;546449,0023267195
090;119;0,000432482482652979849553631642;1647417,2806378873;1569283,9060158834
092;119;0,077472582472148984744642064015;3303697,6683320822;1569283,9060158834
093;119;0,590658269783353118143054416578;1726954,6887084311;1569283,9060158834
094;119;0,323242643404733964729302897467;339678,5341133289;1569283,9060158834
095;119;0,261985015522442188373730687090;683656,3653782752;1569283,9060158834
092;120;0,085237448300934215428270590564;3303697,6683320822;1419161,6722360253
093;120;0,405247109686051154575636701338;1726954,6887084311;1419161,6722360253
095;120;0,398872686983185897879877757077;683656,3653782752;1419161,6722360253
099;120;0,001521313980096649070422598626;431719,8200039617;1419161,6722360253
100;120;0,145307474879258269329085351274;1131193,5891732592;1419161,6722360253
091;121;0,977500668086714874505105399294;8025743,9452569131;10523982,2601272613
092;121;0,696916695169460309600140135444;3303697,6683320822;10523982,2601272613
093;121;0,000153427679041233703486485362;1726954,6887084311;10523982,2601272613
150;121;0,000257624823617060212145590814;1681203,6642318030;10523982,2601272613
036;122;0,000159704901710442249539861903;210898,8340063766;120005,3305999301
125;122;0,986336237662947756810183363996;120413,6519026048;120005,3305999301
126;122;0,007910328800834075593795269299;127495,5789739937;120005,3305999301
108;122;0,000759470152322413516801646871;256453,3847213499;120005,3305999301
036;123;0,002897794295325179219496858352;210898,8340063766;126961,7005255818
125;123;0,000795998605573645609013999636;120413,6519026048;126961,7005255818
126;123;0,988561094164223108649025562045;127495,5789739937;126961,7005255818
127;123;0,000823186275099356871108591260;100787,4590465769;126961,7005255818
129;123;0,000738214027828132651060100144;182296,8391564572;126961,7005255818
028;124;0,001888053781889981576694315102;246806,1149301026;118118,2867191695
036;124;0,000319260894653759308772777992;210898,8340063766;118118,2867191695
126;124;0,002956619045991269994350103545;127495,5789739937;118118,2867191695
128;124;0,000003235965954228070792829744;114322,4840037860;118118,2867191695
129;124;0,642949414217436232554803154926;182296,8391564572;118118,2867191695
028;125;0,000590931151093143148568531675;246806,1149301026;120045,5479740389
129;125;0,355374613371158831753859885794;182296,8391564572;120045,5479740389
130;125;0,000099102987248876007395081977;142835,0946387574;120045,5479740389
131;125;0,270330022254713586704610861489;203831,8865743838;120045,5479740389
027;126;0,000001151754986146716384616887;280703,3256394863;147875,7384510934
028;126;0,000568871684411379006235387479;246806,1149301026;147875,7384510934
130;126;0,000623894532604117330737425462;142835,0946387574;147875,7384510934
131;126;0,721145685083097953693709314393;203831,8865743838;147875,7384510934
132;126;0,000538413688098946050658577533;137844,9656383693;147875,7384510934
133;126;0,005195994510975705978073069247;111469,9027472571;147875,7384510934
026;127;0,001188053445209438655286171560;190036,8603612371;138324,1139370762
027;127;0,000955174699421321030459730572;280703,3256394863;138324,1139370762
131;127;0,000355284140163028355156177307;203831,8865743838;138324,1139370762
132;127;0,996838194092445228911003596295;137844,9656383693;138324,1139370762
133;127;0,001832857493641923364233181637;111469,9027472571;138324,1139370762
135;127;0,000644993051119710416457797564;223825,6376491030;138324,1139370762
130;128;0,000223550919343438547846197872;142835,0946387574;112265,0179594546
132;128;0,001247275539085354427448759651;137844,9656383693;112265,0179594546
133;128;0,987571616589635659089196906280;111469,9027472571;112265,0179594546
134;128;0,009845945811545889561622324493;197379,7518234542;112265,0179594546
135;128;0,000104191511873203836277719525;223825,6376491030;112265,0179594546
137;128;0,000044199702201591796859106442;224735,8904384525;112265,0179594546
121;129;0,108166686155484373377255735704;131343,8639953833;157148,2182876309
130;129;0,400287450431729308064632277819;142835,0946387574;157148,2182876309
131;129;0,000031217201005109471417114930;203831,8865743838;157148,2182876309
133;129;0,000035455704291775912292365019;111469,9027472571;157148,2182876309
134;129;0,434263242529080051301804132891;197379,7518234542;157148,2182876309
137;129;0,000182461135891295991645275065;224735,8904384525;157148,2182876309
121;130;0,000130714961818623019587995437;131343,8639953833;119522,3416744712
122;130;0,000112696986924996973736083639;149420,3188443258;119522,3416744712
128;130;0,296335100719736677099547250691;114322,4840037860;119522,3416744712
129;130;0,000706642252976631452150713120;182296,8391564572;119522,3416744712
130;130;0,598390830803668949400275778316;142835,0946387574;119522,3416744712
131;130;0,000051706516887272962624405581;203831,8865743838;119522,3416744712
123;131;0,000359414740250259647554725850;112780,5777737387;80590,5263333041
126;131;0,000036063483760422308528181129;127495,5789739937;80590,5263333041
127;131;0,002136302093709799114484848559;100787,4590465769;80590,5263333041
128;131;0,702293603015712641912671188038;114322,4840037860;80590,5263333041
129;131;0,000231116130430764971570231636;182296,8391564572;80590,5263333041
124;132;0,000001211655544462211765103371;139492,2459422700;59670,6090956479
126;132;0,000535368569003852540558185957;127495,5789739937;59670,6090956479
127;132;0,591357422344289562765595746896;100787,4590465769;59670,6090956479
128;132;0,000006743791476343711271696640;114322,4840037860;59670,6090956479
123;133;0,001044228116832583014295110502;112780,5777737387;141093,9613471366
124;133;0,994998850511868981882912521542;139492,2459422700;141093,9613471366
125;133;0,003948387312027954072768398674;120413,6519026048;141093,9613471366
126;133;0,000000525936443028023526812670;127495,5789739937;141093,9613471366
127;133;0,000918240748823832874173089813;100787,4590465769;141093,9613471366
108;133;0,001465954988244742114231189412;256453,3847213499;141093,9613471366
109;133;0,000919241653064514253890227025;216751,8987845946;141093,9613471366
111;133;0,003646745717349290927256078021;284724,5120438403;141093,9613471366
123;134;0,358624743239077392598090909814;112780,5777737387;81305,2641745983
124;134;0,000459794967421917717079887789;139492,2459422700;81305,2641745983
127;134;0,404764848537400301342614739042;100787,4590465769;81305,2641745983
112;135;0,000131856309996076354312116719;359146,2668372854;77261,6278279142
114;135;0,014613883621663386822020491707;263807,6676067348;77261,6278279142
119;135;0,000704598609136182106246759638;321289,9590464870;77261,6278279142
122;135;0,003212967307169431983859819724;149420,3188443258;77261,6278279142
123;135;0,637200949695977292286386273190;112780,5777737387;77261,6278279142
124;135;0,003991463003677163390303661572;139492,2459422700;77261,6278279142
111;135;0,000814419209712242834001139080;284724,5120438403;77261,6278279142
119;136;0,004653447324691674380492401042;321289,9590464870;116533,9900642280
121;136;0,000013094345544651391389113365;131343,8639953833;116533,9900642280
122;136;0,766904176903353995697898426442;149420,3188443258;116533,9900642280
123;136;0,002770664207938641505207799653;112780,5777737387;116533,9900642280
128;136;0,001168803817591260044497780690;114322,4840037860;116533,9900642280
119;137;0,002829252479757465073978428549;321289,9590464870;121915,6687430274
120;137;0,043726351288945961015564023455;327099,0752136512;121915,6687430274
121;137;0,550432130244929429530031939066;131343,8639953833;121915,6687430274
122;137;0,229770158802520080287834502997;149420,3188443258;121915,6687430274
128;137;0,000192512690130989400083549867;114322,4840037860;121915,6687430274
130;137;0,000375170324770735289735684725;142835,0946387574;121915,6687430274
120;138;0,162609871035874625766481926803;327099,0752136512;207492,8075377611
121;138;0,341257374292570303531135778030;131343,8639953833;207492,8075377611
134;138;0,554218968528173983045803652203;197379,7518234542;207492,8075377611
137;138;0,000398710151251866374167570628;224735,8904384525;207492,8075377611
114;139;0,193593985502275800492100188421;263807,6676067348;594655,6988784893
118;139;0,070942881976892940842915891153;353224,6888327543;594655,6988784893
119;139;0,809183164900445617284674426628;321289,9590464870;594655,6988784893
120;139;0,788126070037026504877530896920;327099,0752136512;594655,6988784893
147;139;0,000092316564932853090071074309;469926,7360435314;594655,6988784893
137;139;0,000006009521963736209659683041;224735,8904384525;594655,6988784893
138;139;0,001829532510071693682945914716;384183,6837245235;594655,6988784893
112;140;0,003685709832922353171302809471;359146,2668372854;247491,7732579904
114;140;0,619877799116071548368722687883;263807,6676067348;247491,7732579904
115;140;0,085794371623771709112205030578;279655,0282672849;247491,7732579904
118;140;0,000001831517849009671221240797;353224,6888327543;247491,7732579904
119;140;0,182533166489072029570195354609;321289,9590464870;247491,7732579904
114;141;0,171832570622793778802872566303;263807,6676067348;197769,2038476896
117;141;0,000335560110682600447069151572;211164,0888224742;197769,2038476896
118;141;0,429030393538242071915789210834;353224,6888327543;197769,2038476896
147;141;0,001752334156310791707031326858;469926,7360435314;197769,2038476896
115;142;0,118476728313707785344988110410;279655,0282672849;418449,3187988210
116;142;0,000026706663678709951881100337;496322,7106618043;418449,3187988210
117;142;0,989755414473132755226458812103;211164,0888224742;418449,3187988210
118;142;0,498226207546277333193529557320;353224,6888327543;418449,3187988210
147;142;0,000155175797809302716068549644;469926,7360435314;418449,3187988210
149;142;0,000722666425485908180299798875;337544,7118559005;418449,3187988210
113;143;0,000899837168971624246950613557;203988,7308020036;259862,1323886290
115;143;0,785875961768141229057960117643;279655,0282672849;259862,1323886290
116;143;0,075995273113776629081428382051;496322,7106618043;259862,1323886290
117;143;0,008393539559403185440489281177;211164,0888224742;259862,1323886290
150;143;0,000246143504498719213006291406;1681203,6642318030;259862,1323886290
101;144;0,001246548912647281416241074048;605739,3949321385;421861,2927439688
115;144;0,007517179633281056636007200211;279655,0282672849;421861,2927439688
116;144;0,844024335237500644701924557012;496322,7106618043;421861,2927439688
150;144;0,000056831869656017031796832462;1681203,6642318030;421861,2927439688
133;145;0,005364075701390430377102358506;111469,9027472571;227196,1948375348
135;145;0,992161884630831769626979621535;223825,6376491030;227196,1948375348
136;145;0,001301725878151287901784982637;113904,1648677737;227196,1948375348
137;145;0,019483863278566181109763277846;224735,8904384525;227196,1948375348
135;146;0,000437042968986444421795184434;223825,6376491030;257947,7231679298
136;146;0,988984764832197660311408071721;113904,1648677737;257947,7231679298
137;146;0,008298391767558737502907817429;224735,8904384525;257947,7231679298
141;146;0,571500646534753964367325806961;250805,4408117048;257947,7231679298
136;147;0,000182850892241534398715077647;113904,1648677737;258561,3277047630
137;147;0,000459472499509034444306609934;224735,8904384525;258561,3277047630
139;147;0,000310333851717704649591372812;366102,8065038025;258561,3277047630
140;147;0,415509125592765093948344201635;365287,8384831492;258561,3277047630
141;147;0,422047499496013889253021034165;250805,4408117048;258561,3277047630
202;147;0,004220226526481574147453557089;163826,9070629757;258561,3277047630
139;148;0,000804521887608573003404510704;366102,8065038025;213431,4522400415
140;148;0,580545787261631751619006536203;365287,8384831492;213431,4522400415
141;148;0,002382454706110772278682130576;250805,4408117048;213431,4522400415
142;148;0,000475426716043506698752135753;181465,9007203479;213431,4522400415
143;148;0,001822790992571523801049626634;145071,4274335021;213431,4522400415
199;148;0,000286420930434417458400331302;252870,7834089519;213431,4522400415
202;148;0,000304773094761544467712344186;163826,9070629757;213431,4522400415
140;149;0,001842189664638978555122328373;365287,8384831492;182456,7144496180
142;149;0,997740318785667046341814057087;181465,9007203479;182456,7144496180
143;149;0,002735140830333943583185796200;145071,4274335021;182456,7144496180
198;149;0,001579233614469394836321569642;209689,4012511857;182456,7144496180
158;150;0,000170155468873368177296426240;44315,2864093003;143882,2259533657
139;150;0,000367056793819151678474194123;366102,8065038025;143882,2259533657
142;150;0,000411098818195949130150507189;181465,9007203479;143882,2259533657
143;150;0,988663678949538105023009393335;145071,4274335021;143882,2259533657
144;150;0,000266076742571981245556039797;323464,0130932517;143882,2259533657
198;150;0,000728635384991262007037260418;209689,4012511857;143882,2259533657
137;151;0,000000033205098700296609007861;224735,8904384525;357674,3358559026
138;151;0,000682633667645701942838787346;384183,6837245235;357674,3358559026
139;151;0,857199217017975079180303055182;366102,8065038025;357674,3358559026
140;151;0,001436973959626643149167790625;365287,8384831492;357674,3358559026
143;151;0,000510464361111372219755033530;145071,4274335021;357674,3358559026
144;151;0,132499103155745562299117068505;323464,0130932517;357674,3358559026
145;151;0,000297398631810400480325606853;333758,5926602890;357674,3358559026
146;151;0,000168301842678973977195447387;190839,8660054095;357674,3358559026
120;152;0,000384522997581159865516237106;327099,0752136512;218478,8141716737
134;152;0,001671843131285678622777179925;197379,7518234542;218478,8141716737
137;152;0,966869392230705337887286532350;224735,8904384525;218478,8141716737
138;152;0,000878845031923032853765631600;384183,6837245235;218478,8141716737
139;152;0,000762802450384474756660269090;366102,8065038025;218478,8141716737
140;152;0,000317265509750828684620155284;365287,8384831492;218478,8141716737
120;153;0,005153184640691335811901740982;327099,0752136512;214623,8279587328
147;153;0,005672883567263534848601480576;469926,7360435314;214623,8279587328
137;153;0,002216284681282022772652595677;224735,8904384525;214623,8279587328
138;153;0,545780026338639534522201302025;384183,6837245235;214623,8279587328
146;153;0,000495319129467274498965223550;190839,8660054095;214623,8279587328
147;154;0,034531347542109167014778847715;469926,7360435314;566709,3389617167
137;154;0,002041181826520081527692740408;224735,8904384525;566709,3389617167
138;154;0,446243313729110913090636358902;384183,6837245235;566709,3389617167
139;154;0,140460455539351214415688673398;366102,8065038025;566709,3389617167
144;154;0,000539842393638816434031646452;323464,0130932517;566709,3389617167
145;154;0,410128646731396262481439407566;333758,5926602890;566709,3389617167
146;154;0,996136006970282372741110066272;190839,8660054095;566709,3389617167
157;155;0,001021997172542890965421524818;207333,3552534888;262511,7409798889
139;155;0,000095612457984577649203195016;366102,8065038025;262511,7409798889
143;155;0,001261324099860078621834769130;145071,4274335021;262511,7409798889
144;155;0,809276895575875454547087883839;323464,0130932517;262511,7409798889
145;155;0,000928540749009810497359429515;333758,5926602890;262511,7409798889
147;156;0,033557933204175528774104719787;469926,7360435314;190828,1757928506
148;156;0,001404810984787156161873733495;279223,8794934209;190828,1757928506
156;156;0,000139631212580692637631810116;195079,4125781597;190828,1757928506
144;156;0,056236254093803186848710140566;323464,0130932517;190828,1757928506
145;156;0,468747498448917443436556595771;333758,5926602890;190828,1757928506
147;157;0,237958140279043800502378758210;469926,7360435314;113382,3756501079
148;157;0,005443724199021180223945215459;279223,8794934209;113382,3756501079
145;157;0,000095767948065754584597089605;333758,5926602890;113382,3756501079
146;157;0,000039312061716313380713150316;190839,8660054095;113382,3756501079
118;158;0,000788539305777657311205541824;353224,6888327543;326492,9456227086
119;158;0,000096370196686254008464067589;321289,9590464870;326492,9456227086
147;158;0,686154733334753630380475897255;469926,7360435314;326492,9456227086
148;158;0,004799906761744158686933126035;279223,8794934209;326492,9456227086
149;158;0,000105943792206601464732894369;337544,7118559005;326492,9456227086
138;158;0,004585648722580367396550737880;384183,6837245235;326492,9456227086
146;158;0,003161059995770905753365020985;190839,8660054095;326492,9456227086
118;159;0,000159784758607282054111362046;353224,6888327543;117070,6330208126
147;159;0,000125135553773021864464032316;469926,7360435314;117070,6330208126
148;159;0,354344130550581615235472554559;279223,8794934209;117070,6330208126
149;159;0,053367880212896588731918967596;337544,7118559005;117070,6330208126
148;160;0,432856080567867729236297691386;279223,8794934209;123362,0129703563
153;160;0,011740198713555262052810057583;178491,0259142783;123362,0129703563
155;160;0,001188800205056073956699780325;301582,1238628943;123362,0129703563
156;160;0,000226666093570182866764536889;195079,4125781597;123362,0129703563
148;161;0,086241063830657105349075663980;279223,8794934209;203818,0405301522
155;161;0,000367161858450329556431690481;301582,1238628943;203818,0405301522
156;161;0,716183134219908423823142129550;195079,4125781597;203818,0405301522
157;161;0,000012414717755408786615655553;207333,3552534888;203818,0405301522
145;161;0,119582202325678579879486562731;333758,5926602890;203818,0405301522
155;162;0,114455153837512341175042251962;301582,1238628943;89025,0759125073
156;162;0,277019989123485688153891715046;195079,4125781597;89025,0759125073
157;162;0,001885299017789285672130894511;207333,3552534888;89025,0759125073
165;162;0,000440786878546017813450264011;171659,8499588799;89025,0759125073
154;163;0,062296876240202719854366364416;2573356,4806530233;207295,7788466252
155;163;0,153894783384517702673477401731;301582,1238628943;207295,7788466252
165;163;0,000012475277259301643256479003;171659,8499588799;207295,7788466252
166;163;0,003084967171482753001826582206;118684,9003935829;207295,7788466252
167;163;0,000617231814332120493592215293;329718,0969955585;207295,7788466252
148;164;0,024748827951110736328432793130;279223,8794934209;457023,2866563685
152;164;0,065730195616394107571700544668;744530,9284091918;457023,2866563685
153;164;0,765053457107498946498935765703;178491,0259142783;457023,2866563685
154;164;0,017500649976823184905683206125;2573356,4806530233;457023,2866563685
155;164;0,727472584810978095681832655828;301582,1238628943;457023,2866563685
156;164;0,000980855347773053071885884791;195079,4125781597;457023,2866563685
154;165;0,139594458101941903960252489014;2573356,4806530233;359549,0572011927
155;165;0,000449098766098873238526711926;301582,1238628943;359549,0572011927
167;165;0,000568102337764432216947463328;329718,0969955585;359549,0572011927
152;166;0,000237382114543220867344461289;744530,9284091918;902926,0910369251
154;166;0,348258522155798388997283154822;2573356,4806530233;902926,0910369251
169;166;0,002533413371096147718997126930;790101,3871982505;902926,0910369251
092;167;0,000098109545785512249256588024;3303697,6683320822;3897456,4295821018
101;167;0,000182241556660050200338110682;605739,3949321385;3897456,4295821018
116;167;0,077839740028808973582030716898;496322,7106618043;3897456,4295821018
150;167;0,982092073456330538760994386394;1681203,6642318030;3897456,4295821018
151;167;0,605450393978245293702400431357;2055246,6019048668;3897456,4295821018
154;167;0,369164539533725521991414098011;2573356,4806530233;3897456,4295821018
150;168;0,012650107201630384975987730911;1681203,6642318030;206050,3305207508
151;168;0,089907908748841330881518274509;2055246,6019048668;206050,3305207508
151;169;0,287328430570581772052207725210;2055246,6019048668;727378,6674541738
154;169;0,053178752311320506840353061762;2573356,4806530233;727378,6674541738
148;170;0,039678270498423554024647330607;279223,8794934209;786261,4170840811
149;170;0,010653891189212524523433067714;337544,7118559005;786261,4170840811
150;170;0,000684209139825011454158487645;1681203,6642318030;786261,4170840811
151;170;0,012492226715338708778468834737;2055246,6019048668;786261,4170840811
152;170;0,931374975442838870520745331305;744530,9284091918;786261,4170840811
153;170;0,223045661803216693774842838138;178491,0259142783;786261,4170840811
154;170;0,004414942430989201617441697323;2573356,4806530233;786261,4170840811
155;170;0,000500313244749498071961557599;301582,1238628943;786261,4170840811
116;171;0,000000000000000292616613212098;496322,7106618043;335032,7979538803
117;171;0,001515485856516634319626768423;211164,0888224742;335032,7979538803
118;171;0,000850361356267005479014908786;353224,6888327543;335032,7979538803
148;171;0,050483184656377758092737906281;279223,8794934209;335032,7979538803
149;171;0,935149618380336833389776529657;337544,7118559005;335032,7979538803
150;171;0,001578786872972278874580065455;1681203,6642318030;335032,7979538803
152;171;0,002657446826774351612138191925;744530,9284091918;335032,7979538803
153;171;0,000160682376114752641657959509;178491,0259142783;335032,7979538803
156;172;0,000388752569646912344084044300;195079,4125781597;198567,4387088381
157;172;0,499025484983564915353326796321;207333,3552534888;198567,4387088381
158;172;0,997454808562405426108909978211;44315,2864093003;198567,4387088381
159;172;0,293324577178560197410206455970;166268,1721076791;198567,4387088381
143;172;0,005006600767110271944793087329;145071,4274335021;198567,4387088381
144;172;0,001181828037965915569398878127;323464,0130932517;198567,4387088381
145;172;0,000219945164829756813467537269;333758,5926602890;198567,4387088381
197;172;0,000125065755577185883529872656;199524,6366515905;198567,4387088381
198;172;0,004039213573768519506546059716;209689,4012511857;198567,4387088381
155;173;0,000479945735456517043847346482;301582,1238628943;188266,2687641233
156;173;0,005060971432654175553023101486;195079,4125781597;188266,2687641233
157;173;0,494953732385571498753051855601;207333,3552534888;188266,2687641233
158;173;0,002375035968612315088327457957;44315,2864093003;188266,2687641233
159;173;0,496936228337989671643981637317;166268,1721076791;188266,2687641233
161;173;0,000102830331463419960471433745;208622,8964318558;188266,2687641233
164;173;0,002597999487517209035725151978;182552,8419001213;188266,2687641233
165;173;0,007504158106774993716725496995;171659,8499588799;188266,2687641233
159;174;0,209177143594021230921242704426;166268,1721076791;181040,3273604010
160;174;0,984220120521208108321786767192;146363,2426095756;181040,3273604010
161;174;0,000225058589665597856641771068;208622,8964318558;181040,3273604010
196;174;0,008955445102172727989131573167;129953,8597749900;181040,3273604010
197;174;0,004994023555619959107987337887;199524,6366515905;181040,3273604010
159;175;0,000188612812912549668992179264;166268,1721076791;180059,3035902530
160;175;0,002606277662971945730668865693;146363,2426095756;180059,3035902530
161;175;0,855677876578568197274421436305;208622,8964318558;180059,3035902530
162;175;0,000493749481515317776778029035;445544,6007568203;180059,3035902530
163;175;0,003311535752553558531463551162;182656,9404658084;180059,3035902530
164;175;0,001685104435960309071304563666;182552,8419001213;180059,3035902530
160;176;0,002310566406704185095366543834;146363,2426095756;479302,5218416192
161;176;0,142889125688732077090747907278;208622,8964318558;479302,5218416192
162;176;0,992770796699419477704395831097;445544,6007568203;479302,5218416192
163;176;0,005124159568174380466332173967;182656,9404658084;479302,5218416192
190;176;0,000010340066471238573957841522;186914,1349004977;479302,5218416192
191;176;0,015342951472725702838362238367;236819,2901398903;479302,5218416192
192;176;0,005845974235377769667731939762;323936,5446250215;479302,5218416192
176;176;0,002330217676108089532027722868;156895,5303328680;479302,5218416192
161;177;0,000027875438438212171432528663;208622,8964318558;184440,2356434204
162;177;0,003420536570483996476749188886;445544,6007568203;184440,2356434204
163;177;0,989638488546978778437335222407;182656,9404658084;184440,2356434204
164;177;0,001983417676480123126303567460;182552,8419001213;184440,2356434204
167;177;0,001813866635704335658965669076;329718,0969955585;184440,2356434204
168;177;0,002208787075603260881273559590;282239,4907645673;184440,2356434204
174;177;0,005949571999631794727569911174;94549,6540828568;184440,2356434204
157;178;0,000039856837710210884020978206;207333,3552534888;184992,3028123360
159;178;0,000009438092387281762882765557;166268,1721076791;184992,3028123360
161;178;0,001077233372611156696219136819;208622,8964318558;184992,3028123360
163;178;0,000000146937523904176256940406;182656,9404658084;184992,3028123360
164;178;0,988922400823577518735874036793;182552,8419001213;184992,3028123360
165;178;0,000625508408102829079576456817;171659,8499588799;184992,3028123360
166;178;0,030298233429251961168482409903;118684,9003935829;184992,3028123360
167;178;0,001588615669676187152487001342;329718,0969955585;184992,3028123360
154;179;0,000083405866321237313821754245;2573356,4806530233;182669,7430897690
155;179;0,001192158157198762273576431170;301582,1238628943;182669,7430897690
157;179;0,003061214885123922108817184906;207333,3552534888;182669,7430897690
164;179;0,002635174949118112772139532751;182552,8419001213;182669,7430897690
165;179;0,991050541897818493275451601221;171659,8499588799;182669,7430897690
166;179;0,091471101083890615779381505490;118684,9003935829;182669,7430897690
154;180;0,000097055038477699052566413651;2573356,4806530233;173153,8342475416
164;180;0,001616358879812647463339314591;182552,8419001213;173153,8342475416
165;180;0,000366529431564446004417762159;171659,8499588799;173153,8342475416
166;180;0,873004350222490455024626498925;118684,9003935829;173153,8342475416
167;180;0,208267498169775744365495029342;329718,0969955585;173153,8342475416
168;180;0,000935695526997610974376251569;282239,4907645673;173153,8342475416
163;181;0,001925669194844562438079238476;182656,9404658084;254337,0179721401
164;181;0,000559543747201675227033457194;182552,8419001213;254337,0179721401
166;181;0,002141348092728556119779259603;118684,9003935829;254337,0179721401
167;181;0,767839718265099335781087575015;329718,0969955585;254337,0179721401
168;181;0,001623934472117499229482096013;282239,4907645673;254337,0179721401
154;182;0,000115248803083897076926164771;2573356,4806530233;222672,0731969979
167;182;0,019304967107788079810903880684;329718,0969955585;222672,0731969979
168;182;0,732724222678538428255023973179;282239,4907645673;222672,0731969979
169;182;0,011652413974641355823291810623;790101,3871982505;222672,0731969979
168;183;0,255389450363252445974637794279;282239,4907645673;199804,0925472174
169;183;0,001557625807771955642883066062;790101,3871982505;199804,0925472174
172;183;0,009429547979201239119029231972;111924,4074890334;199804,0925472174
173;183;0,995388074553249957432399241952;125193,8088574931;199804,0925472174
174;183;0,008679047124503468796374860972;94549,6540828568;199804,0925472174
162;184;0,000188427050225537938595021803;445544,6007568203;93391,4342219196
168;184;0,000439107109424746386294735601;282239,4907645673;93391,4342219196
172;184;0,001400719456132082331098476224;111924,4074890334;93391,4342219196
173;184;0,001286444139839235112354742796;125193,8088574931;93391,4342219196
174;184;0,980876506320925711790437162563;94549,6540828568;93391,4342219196
175;184;0,000584262217237701566262264574;122027,6067929110;93391,4342219196
176;184;0,000337091645208461665548377306;156895,5303328680;93391,4342219196
171;185;0,034663878516855740896662751993;177650,8780020503;118180,9268364497
172;185;0,986691084973980281347394338809;111924,4074890334;118180,9268364497
173;185;0,000364626086102347421631642010;125193,8088574931;118180,9268364497
175;185;0,012639716820444023975822389616;122027,6067929110;118180,9268364497
172;186;0,000479030766221151982787312962;111924,4074890334;121099,4073942471
174;186;0,004285364869955557952374558539;94549,6540828568;121099,4073942471
175;186;0,984256732988951221763329613168;122027,6067929110;121099,4073942471
176;186;0,001397269307888765726283208934;156895,5303328680;121099,4073942471
177;186;0,001446149716061603113237410412;217746,1188673079;121099,4073942471
162;187;0,000261044737506853374593013273;445544,6007568203;158646,0010875249
189;187;0,000596669400383478191855768369;297042,6949377167;158646,0010875249
190;187;0,009119511725358167911203999267;186914,1349004977;158646,0010875249
174;187;0,000209509685110385065857918629;94549,6540828568;158646,0010875249
175;187;0,000556079828565085370825626931;122027,6067929110;158646,0010875249
176;187;0,995814337041302843900325569848;156895,5303328680;158646,0010875249
177;187;0,001476064887815760600514591872;217746,1188673079;158646,0010875249
171;188;0,004281808776191748690254090803;177650,8780020503;215858,1653527577
172;188;0,001747845393573529493638774035;111924,4074890334;215858,1653527577
189;188;0,004479861112689394186947566823;297042,6949377167;215858,1653527577
175;188;0,001963208144883515048062516684;122027,6067929110;215858,1653527577
176;188;0,000121084329748517480727920681;156895,5303328680;215858,1653527577
177;188;0,979621765046963299816695780464;217746,1188673079;215858,1653527577
178;188;0,000006521867625995747323915108;576707,1482525561;215858,1653527577
171;189;0,007829338829165250271402420879;177650,8780020503;207405,5028390884
177;189;0,016410950387451831572471760978;217746,1188673079;207405,5028390884
178;189;0,351029450183655722383946340415;576707,1482525561;207405,5028390884
170;190;0,426109014819976650301214249339;465366,7453363892;560277,2890722360
171;190;0,001714547603857278276068276668;177650,8780020503;560277,2890722360
182;190;0,000144559682438736485186187020;807611,8801965422;560277,2890722360
178;190;0,604082537257786711393237055745;576707,1482525561;560277,2890722360
179;190;0,007566930697784575270137263914;1741824,7685771044;560277,2890722360
168;191;0,000014098041213703813921524766;282239,4907645673;169968,4690877181
169;191;0,000121122557956576432265649590;790101,3871982505;169968,4690877181
170;191;0,001780010368911504265235223876;465366,7453363892;169968,4690877181
171;191;0,949286460706469270576235430781;177650,8780020503;169968,4690877181
172;191;0,000251771430807949290423680688;111924,4074890334;169968,4690877181
173;191;0,002960855220308132064455097776;125193,8088574931;169968,4690877181
168;192;0,000671495474705490987855915908;282239,4907645673;389132,2121290793
169;192;0,157506734100156364775102701969;790101,3871982505;389132,2121290793
170;192;0,566339263991961328059687730274;465366,7453363892;389132,2121290793
171;192;0,002223965567659691878327210546;177650,8780020503;389132,2121290793
179;192;0,000313378829230030622830099896;1741824,7685771044;389132,2121290793
154;193;0,000229968737255889954951976195;2573356,4806530233;237646,9622666109
168;193;0,005993209257759772069784620641;282239,4907645673;237646,9622666109
169;193;0,297890440658573063537062353134;790101,3871982505;237646,9622666109
154;194;0,000669992214173319167169751154;2573356,4806530233;1624468,7329150275
169;194;0,528456199547980842723404748540;790101,3871982505;1624468,7329150275
170;194;0,004573788399432563919755345694;465366,7453363892;1624468,7329150275
179;194;0,590038616768126189526810776442;1741824,7685771044;1624468,7329150275
180;194;0,424966798948905988275726031134;376683,2458604341;1624468,7329150275
170;195;0,001197922419553758841340163066;465366,7453363892;673405,2535648234
178;195;0,023132096527403087776741941184;576707,1482525561;673405,2535648234
179;195;0,375514993337735580869463092313;1741824,7685771044;673405,2535648234
180;195;0,000492834769833006198537506126;376683,2458604341;673405,2535648234
181;195;0,008537082968622601922281667441;613836,8265427962;673405,2535648234
179;196;0,016151407656433799248096860879;1741824,7685771044;231666,0102686360
180;196;0,533989919003634239125233307277;376683,2458604341;231666,0102686360
181;196;0,002058512690233208451695556818;613836,8265427962;231666,0102686360
182;197;0,001992577731144270277580110573;807611,8801965422;611028,1676583535
178;197;0,011747965404574012282523653994;576707,1482525561;611028,1676583535
179;197;0,005649008277777121250773362249;1741824,7685771044;611028,1676583535
181;197;0,963495049459809571601454081247;613836,8265427962;611028,1676583535
195;198;0,005746078719392472625160372957;361504,4901573688;177285,8061827719
196;198;0,000322955400167665592457699741;129953,8597749900;177285,8061827719
199;198;0,016891934012292577488301148492;252870,7834089519;177285,8061827719
200;198;0,993579652349040443048977522267;170954,2927598439;177285,8061827719
201;198;0,000063152865295220547638306574;187742,6726397686;177285,8061827719
205;198;0,004939564213397761721635603749;207824,7669730657;177285,8061827719
140;199;0,000227496820229578503762615793;365287,8384831492;250022,9934066460
142;199;0,000517849159759680766935974194;181465,9007203479;250022,9934066460
196;199;0,014013309019992674017696110411;129953,8597749900;250022,9934066460
198;199;0,008045671049561544871386864486;209689,4012511857;250022,9934066460
199;199;0,972539524453924331126586366736;252870,7834089519;250022,9934066460
201;199;0,002188701320036782593109192518;187742,6726397686;250022,9934066460
194;200;0,002922773310636148352131824524;235233,3990553448;346941,2090341887
195;200;0,949725738137855324261238365580;361504,4901573688;346941,2090341887
196;200;0,014407989807067599768997112619;129953,8597749900;346941,2090341887
200;200;0,002066843673864032348425068264;170954,2927598439;346941,2090341887
205;200;0,003080333683982802890632957116;207824,7669730657;346941,2090341887
228;200;0,000259559953599806513425268806;222210,9474732429;346941,2090341887
231;200;0,000000000000110198858291572410;349258,1981135011;346941,2090341887
185;201;0,000003125056574932163324384918;986786,2303776452;286262,9832108044
186;201;0,175245635481596051530317481593;293976,9494513036;286262,9832108044
193;201;0,002702748110995602075223853689;259619,5624732052;286262,9832108044
194;201;0,991695798942708539591706085048;235233,3990553448;286262,9832108044
195;201;0,001845297512283772343316678999;361504,4901573688;286262,9832108044
231;201;0,000266218208908277536098307969;349258,1981135011;286262,9832108044
160;202;0,001368159589711219828456201242;146363,2426095756;266737,7782285698
192;202;0,013780320067697127833783454776;323936,5446250215;266737,7782285698
193;202;0,992208630561598914354703993013;259619,5624732052;266737,7782285698
195;202;0,008685447322768120176350592487;361504,4901573688;266737,7782285698
196;202;0,010288127922017822543643283950;129953,8597749900;266737,7782285698
193;203;0,000924344633386512521365518946;259619,5624732052;122816,1987391636
196;203;0,942783969904571583775521048665;129953,8597749900;122816,1987391636
197;203;0,000001070635824311221189061513;199524,6366515905;122816,1987391636
199;203;0,000227750109222245268256190620;252870,7834089519;122816,1987391636
159;204;0,000106893586171827109036064352;166268,1721076791;232449,0936270282
142;204;0,000855306520600506727490530690;181465,9007203479;232449,0936270282
196;204;0,002853678618403854283513965129;129953,8597749900;232449,0936270282
197;204;0,120868023428006357566921735724;199524,6366515905;232449,0936270282
198;204;0,982754763394010355526120292780;209689,4012511857;232449,0936270282
199;204;0,006785515959402595338734176522;252870,7834089519;232449,0936270282
159;205;0,000257106397838036712481801782;166268,1721076791;175856,1682282584
196;205;0,006374524225697883461627668567;129953,8597749900;175856,1682282584
197;205;0,874011816624470472270047594066;199524,6366515905;175856,1682282584
198;205;0,002852482983262528189877249574;209689,4012511857;175856,1682282584
160;206;0,009444571949519269329909043620;146363,2426095756;102657,5896690545
192;206;0,309308155192958622592414030805;323936,5446250215;102657,5896690545
193;206;0,004156221764018607801871585394;259619,5624732052;102657,5896690545
160;207;0,000050303869725001018773855033;146363,2426095756;218809,8551030383
162;207;0,002865445460899032365659211408;445544,6007568203;218809,8551030383
186;207;0,000872288683185183373429427700;293976,9494513036;218809,8551030383
187;207;0,000593606022653400742898621711;223639,3624619821;218809,8551030383
191;207;0,002022845647176381607412753993;236819,2901398903;218809,8551030383
192;207;0,668827203962655936209102947032;323936,5446250215;218809,8551030383
187;208;0,000079468164220925858109642603;223639,3624619821;138669,3031585999
191;208;0,585424746676950658041960195987;236819,2901398903;138669,3031585999
192;208;0,000035988562752082396017407062;323936,5446250215;138669,3031585999
187;209;0,000591993837443858259353413054;223639,3624619821;91843,5340472385
190;209;0,000569285637120407750355610688;186914,1349004977;91843,5340472385
191;209;0,386812802860736770771410419911;236819,2901398903;91843,5340472385
182;210;0,002371262617773449866281909593;807611,8801965422;169329,3617113940
189;210;0,262445087950816280386590051421;297042,6949377167;169329,3617113940
190;210;0,466107100268304985757339409247;186914,1349004977;169329,3617113940
191;210;0,008875008145512086957240605045;236819,2901398903;169329,3617113940
177;210;0,001045069961802644938758666271;217746,1188673079;169329,3617113940
178;210;0,000009653387184940849331804547;576707,1482525561;169329,3617113940
182;211;0,002749864469193176799710620628;807611,8801965422;205902,1029757294
187;211;0,064088789330233333907393955542;223639,3624619821;205902,1029757294
188;211;0,004290445992970320053527810700;305090,2109753084;205902,1029757294
189;211;0,303104552298088802952946707592;297042,6949377167;205902,1029757294
190;211;0,524193762302988308654505544837;186914,1349004977;205902,1029757294
191;211;0,000106891790735635285199654765;236819,2901398903;205902,1029757294
182;212;0,000212279289525215005517144728;807611,8801965422;443917,6839043424
183;212;0,000130636436467525913693310535;229892,7480761912;443917,6839043424
184;212;0,000302486720018630144031501761;881419,4631581432;443917,6839043424
187;212;0,225307882667111797347914148304;223639,3624619821;443917,6839043424
188;212;0,991101614825807275543922969518;305090,2109753084;443917,6839043424
189;212;0,305297804387370252943156856418;297042,6949377167;443917,6839043424
186;213;0,533744014147558010208172163402;293976,9494513036;309162,4051020760
187;213;0,679186441690339814947208196827;223639,3624619821;309162,4051020760
191;213;0,001414753406251756558120735718;236819,2901398903;309162,4051020760
192;213;0,000080584687154038124167615420;323936,5446250215;309162,4051020760
186;214;0,228592252386955074872076920656;293976,9494513036;68347,9388554269
192;214;0,002121773291406845677459225286;323936,5446250215;68347,9388554269
193;214;0,000008054930009193053702491738;259619,5624732052;68347,9388554269
194;214;0,001945619569489457755667727312;235233,3990553448;68347,9388554269
184;215;0,006317684881667371549207601333;881419,4631581432;837751,1923757270
185;215;0,814640105312131823644961059472;986786,2303776452;837751,1923757270
186;215;0,061545809300651468931597776191;293976,9494513036;837751,1923757270
187;215;0,018993355340457023644473721902;223639,3624619821;837751,1923757270
194;215;0,002995229485824791714615455973;235233,3990553448;837751,1923757270
231;215;0,000000000000217626085146234207;349258,1981135011;837751,1923757270
232;215;0,003629424222402343087889864393;427283,2960634045;837751,1923757270
183;216;0,512482995942030505887032632018;229892,7480761912;1171157,7749314755
184;216;0,992774804632659435554842275451;881419,4631581432;1171157,7749314755
185;216;0,177188346091206538890361343874;986786,2303776452;1171157,7749314755
187;216;0,011158462947195316172788182030;223639,3624619821;1171157,7749314755
188;216;0,002323393716166913085252598847;305090,2109753084;1171157,7749314755
183;217;0,484563624409133031356589071947;229892,7480761912;111667,7270544283
184;217;0,000264498517456486026758200047;881419,4631581432;111667,7270544283
182;218;0,981921471833600789658191843046;807611,8801965422;837723,9346257499
183;218;0,002806174642843882981180225755;229892,7480761912;837723,9346257499
188;218;0,002284545465214136549664258879;305090,2109753084;837723,9346257499
189;218;0,124076024850491045681266655265;297042,6949377167;837723,9346257499
178;218;0,009991775371178453907239358500;576707,1482525561;837723,9346257499
181;218;0,000842667219857480055168752475;613836,8265427962;837723,9346257499
016;219;0,000965849956287494898488077411;691149,6896900591;448078,2757008113
020;219;0,000003996954066005967392671144;432660,3146384032;448078,2757008113
021;219;0,008190164759988101741972066350;216976,4407374818;448078,2757008113
209;219;0,980827066498856647847048861877;239543,4949015453;448078,2757008113
210;219;0,412234597655726620057947684472;511071,0854354203;448078,2757008113
014;220;0,003864562712558056167821973759;400809,2975062121;1140022,0467827413
208;220;0,111827116286299890757227615268;882497,8912751046;1140022,0467827413
209;220;0,001978213116571770832652354954;239543,4949015453;1140022,0467827413
210;220;0,582618104010442339202313632995;511071,0854354203;1140022,0467827413
211;220;0,981175498918014699079037654883;413768,8923279895;1140022,0467827413
212;220;0,253101692023741609016695974788;378683,2064750930;1140022,0467827413
213;220;0,267622824358587030335598910824;560694,8041318434;1140022,0467827413
217;220;0,001156118597114431933992051427;541262,6139049283;1140022,0467827413
021;221;0,014573790432021000232354346338;216976,4407374818;486819,0580716187
206;221;0,001096098630638382654886586742;277776,9049785212;486819,0580716187
207;221;0,020856590889918320830265230370;211190,3891052604;486819,0580716187
208;221;0,539781041228646896179554914852;882497,8912751046;486819,0580716187
209;221;0,009915699669022755638470023598;239543,4949015453;486819,0580716187
212;221;0,000572601249700004110744500085;378683,2064750930;486819,0580716187
206;222;0,009432962725245812654617516557;277776,9049785212;445939,8683386855
224;222;0,184350507849557615491775663941;369789,2742637349;445939,8683386855
208;222;0,335714877346466877838793152478;882497,8912751046;445939,8683386855
212;222;0,001292960557657998454245129594;378683,2064750930;445939,8683386855
214;222;0,266242578531394491481165687219;294436,2817356111;445939,8683386855
212;223;0,745032746169047244144678643352;378683,2064750930;803980,8250772581
213;223;0,565987674291843934071266630781;560694,8041318434;803980,8250772581
214;223;0,346036100379645661373473330968;294436,2817356111;803980,8250772581
217;223;0,187840186570661954457150955022;541262,6139049283;803980,8250772581
218;224;0,202267316480831960134878499957;446129,7394803395;552373,8367868736
219;224;0,000949353506304892870264200422;628645,4719448686;552373,8367868736
213;224;0,120172425598477142227871183877;560694,8041318434;552373,8367868736
215;224;0,371878611484109444784706965947;333216,2476659417;552373,8367868736
217;224;0,489300020783937694712761867777;541262,6139049283;552373,8367868736
224;225;0,055265385948550634076514853632;369789,2742637349;293167,0117865875
213;225;0,000209936558338385783261878514;560694,8041318434;293167,0117865875
214;225;0,257684162325271859383946093658;294436,2817356111;293167,0117865875
215;225;0,590430956617775115624624504562;333216,2476659417;293167,0117865875
206;226;0,007967252160727739465628793880;277776,9049785212;333518,4002668522
224;226;0,758327676125811311891311561340;369789,2742637349;333518,4002668522
226;226;0,002803366774865419068507588207;228544,0009481255;333518,4002668522
214;226;0,130037158763565363628345039615;294436,2817356111;333518,4002668522
215;226;0,035879074093487672847402336629;333216,2476659417;333518,4002668522
221;227;0,000026563628785507242928420890;132502,9044211619;298604,0665904656
223;227;0,002421637963725935781267306623;335380,2574485689;298604,0665904656
224;227;0,001408427613108930668422980048;369789,2742637349;298604,0665904656
225;227;0,772795946366228503343620559463;380570,0968558453;298604,0665904656
226;227;0,007153292038216215245616247387;228544,0009481255;298604,0665904656
229;227;0,009381489793461816883990422866;162888,3525312934;298604,0665904656
230;227;0,000009278748481244688962009393;167079,2701616324;298604,0665904656
221;228;0,004822364928979860909663557322;132502,9044211619;423377,4218292236
222;228;0,007243073895612443628688748021;246999,5828830563;423377,4218292236
223;228;0,997578362036062316064999322407;335380,2574485689;423377,4218292236
224;228;0,000648002462534441581697153278;369789,2742637349;423377,4218292236
225;228;0,000985431396469926704564934461;380570,0968558453;423377,4218292236
215;228;0,000689325739993167942686047578;333216,2476659417;423377,4218292236
216;228;0,357058352443304860557304891699;239560,2151579000;423377,4218292236
218;229;0,795956516874013475515425852791;446129,7394803395;1081198,0379049843
219;229;0,530308869055199361142172165273;628645,4719448686;1081198,0379049843
222;229;0,015862764416202240758124730746;246999,5828830563;1081198,0379049843
215;229;0,001122032064822383375796155391;333216,2476659417;1081198,0379049843
216;229;0,642941647556532602791889985383;239560,2151579000;1081198,0379049843
217;229;0,277771904049080420318063033847;541262,6139049283;1081198,0379049843
219;230;0,000007241472259619295745620982;628645,4719448686;234969,9427744113
222;230;0,951278490890978267735533790983;246999,5828830563;234969,9427744113
218;231;0,000027116783236639515697677383;446129,7394803395;298918,5181165186
219;231;0,457500010726085981627164755992;628645,4719448686;298918,5181165186
220;231;0,001682394512430413673412243902;200553,5181864686;298918,5181165186
222;231;0,021723976227396694232973928251;246999,5828830563;298918,5181165186
219;232;0,000655824380858320197217048442;628645,4719448686;200201,6205336936
220;232;0,981280324164966910593932425400;200553,5181864686;200201,6205336936
233;232;0,005625921252315862521042877376;186357,6303810235;200201,6205336936
219;233;0,000002517630692782364305610382;628645,4719448686;222874,6357722282
220;233;0,013057445733207011587251322737;200553,5181864686;222874,6357722282
221;233;0,995151071442404888678368024557;132502,9044211619;222874,6357722282
222;233;0,003891694570526719847147756326;246999,5828830563;222874,6357722282
225;233;0,226218622237141286923645111528;380570,0968558453;222874,6357722282
230;233;0,007890294001766702189359925512;167079,2701616324;222874,6357722282
233;233;0,000119848146602270127017431101;186357,6303810235;222874,6357722282
200;234;0,000271600197746095528041065936;170954,2927598439;431893,3561401311
205;234;0,352675487367479834066585908658;207824,7669730657;431893,3561401311
206;234;0,981069782471046814009696390713;277776,9049785212;431893,3561401311
207;234;0,406757534594436809260997733873;211190,3891052604;431893,3561401311
226;234;0,000570630579093560569639564939;228544,0009481255;431893,3561401311
023;235;0,002450174453782723478501015535;159516,4532430638;130468,5770050469
024;235;0,000818344595084152348456185688;208608,2674106136;130468,5770050469
203;235;0,255148737205262376992465078729;195086,1041889582;130468,5770050469
204;235;0,000000402707776154826363208122;193977,4617771506;130468,5770050469
207;235;0,379055639229171792425887588251;211190,3891052604;130468,5770050469
208;235;0,000088454863563441421883681848;882497,8912751046;130468,5770050469
024;236;0,001281438285365827734266219728;208608,2674106136;145921,6310418826
025;236;0,000273485883728696247806783104;202964,4401205406;145921,6310418826
202;236;0,003603355642685964269067433463;163826,9070629757;145921,6310418826
203;236;0,741991745519221534976850307430;195086,1041889582;145921,6310418826
204;236;0,001320766475007423930085326269;193977,4617771506;145921,6310418826
025;237;0,002621522196043976887097626260;202964,4401205406;163506,0668033287
140;237;0,000084471028377692527946279943;365287,8384831492;163506,0668033287
141;237;0,002143147864309944122113149589;250805,4408117048;163506,0668033287
202;237;0,988817512445752444527613533864;163826,9070629757;163506,0668033287
203;237;0,000115542510721255609778580775;195086,1041889582;163506,0668033287
204;237;0,002001089089325595263973989191;193977,4617771506;163506,0668033287
140;238;0,000036690162942540735957919901;365287,8384831492;174990,8142251633
199;238;0,003268854534854735878479647937;252870,7834089519;174990,8142251633
201;238;0,922503139417175099801227133867;187742,6726397686;174990,8142251633
202;238;0,001909790677779335445890529499;163826,9070629757;174990,8142251633
204;238;0,003323756941946110279872961257;193977,4617771506;174990,8142251633
201;239;0,071278255411149085696287386327;187742,6726397686;207272,9477287533
202;239;0,001104757144084724885049753063;163826,9070629757;207272,9477287533
203;239;0,002555349388310792536904703098;195086,1041889582;207272,9477287533
204;239;0,993131644675216085360602846777;193977,4617771506;207272,9477287533
205;239;0,001990752593721287991984647547;207824,7669730657;207272,9477287533
207;239;0,000722533425232569129735560320;211190,3891052604;207272,9477287533
200;240;0,004081903779372434218353227209;170954,2927598439;174447,5412261896
201;240;0,003966750986564200782968914183;187742,6726397686;174447,5412261896
204;240;0,000222340111558043905786580252;193977,4617771506;174447,5412261896
205;240;0,636521677738474567220805511170;207824,7669730657;174447,5412261896
207;240;0,192607701861197633252942296167;211190,3891052604;174447,5412261896
195;241;0,026088198947418130002606773132;361504,4901573688;131361,9950167984
205;241;0,000792184402575164424084586123;207824,7669730657;131361,9950167984
206;241;0,000004567532076183820328660334;277776,9049785212;131361,9950167984
226;241;0,002007066875013833150143138795;228544,0009481255;131361,9950167984
227;241;0,998472087301411792559235891531;120345,7153782472;131361,9950167984
228;241;0,005150731550986963926119788226;222210,9474732429;131361,9950167984
206;242;0,000429336479827723341284873015;277776,9049785212;225119,1515278295
226;242;0,980825198115002683252328097296;228544,0009481255;225119,1515278295
229;242;0,005145713295881836936429554186;162888,3525312934;225119,1515278295
226;243;0,006617660717540438559958193565;228544,0009481255;161151,8384749368
229;243;0,980041953364929163683427759679;162888,3525312934;161151,8384749368
230;243;0,000011926210320174512088519519;167079,2701616324;161151,8384749368
195;244;0,007909239360594847584318145550;361504,4901573688;221545,5018928548
226;244;0,000022784900012540826932938565;228544,0009481255;221545,5018928548
227;244;0,001527912699139609680604179331;120345,7153782472;221545,5018928548
228;244;0,982698051846326081637528204737;222210,9474732429;221545,5018928548
229;244;0,000803777975722399454922006967;162888,3525312934;221545,5018928548
185;245;0,001482704189359154061181311768;986786,2303776452;357779,3348735869
194;245;0,000440578691409096163782155298;235233,3990553448;357779,3348735869
228;245;0,011891656648672248308695742480;222210,9474732429;357779,3348735869
229;245;0,000002206866221474881151198844;162888,3525312934;357779,3348735869
230;245;0,000429937041036978638726406832;167079,2701616324;357779,3348735869
231;245;0,998071951318281302967250212532;349258,1981135011;357779,3348735869
232;245;0,011496787618617106824236984153;427283,2960634045;357779,3348735869
233;245;0,000003960282574901508716516685;186357,6303810235;357779,3348735869
229;246;0,004624858704310480517207793127;162888,3525312934;168984,6738482900
230;246;0,991658563997945941004275027808;167079,2701616324;168984,6738482900
233;246;0,013660557422459170331952016397;186357,6303810235;168984,6738482900
233;247;0,944883525114697975233468696388;186357,6303810235;176086,2547264134
185;248;0,001496435173401834727371917388;986786,2303776452;421467,4158054587
231;248;0,001661830472240012710610779223;349258,1981135011;421467,4158054587
232;248;0,979577915586547498527636435028;427283,2960634045;421467,4158054587
233;248;0,000300325308442661814776336593;186357,6303810235;421467,4158054587
