AEB;ZRP;share_cover_zrp_aeb;AREA_AEB
001;21;0,001297152089089638211244492894;264610,5278837083
001;24;0,018943288493765125107826108319;264610,5278837083
001;25;0,970961416235359697779472298862;264610,5278837083
001;26;0,482827112965760640861390129430;264610,5278837083
001;73;0,016147676997166886952994602211;264610,5278837083
001;76;0,000009958504527911602731936325;264610,5278837083
002;25;0,000555002164302690562808217933;137752,1560246138
002;26;0,511996250125251073370691301534;137752,1560246138
002;28;0,836345849450526257484739289794;137752,1560246138
002;29;0,524116304515481967740697655245;137752,1560246138
002;33;0,000003467922437378457966661652;137752,1560246138
002;38;0,000043063035465963794999263992;137752,1560246138
002;73;0,003368095614702116668420783796;137752,1560246138
002;74;0,000807973059829108055177049330;137752,1560246138
003;17;0,002274301938428288042542968483;139057,8460231284
003;20;0,006822923149173455541205424169;139057,8460231284
003;21;0,000547214335540284545038314246;139057,8460231284
003;26;0,003937941297674994386990299233;139057,8460231284
003;27;0,999752598074718723530907027452;139057,8460231284
003;28;0,160160311906619723387734666176;139057,8460231284
003;29;0,167159567954048265958633123773;139057,8460231284
003;30;0,996648634528799148846189837059;139057,8460231284
003;31;0,007410819486850346408945977572;139057,8460231284
003;32;0,303924111164543653273995005293;139057,8460231284
004;29;0,299510428035317965989037247709;88853,0170222857
004;32;0,301995917204116670617963791301;88853,0170222857
004;33;0,621224062865816217815506661282;88853,0170222857
004;38;0,000002959249157564931898001248;88853,0170222857
005;32;0,168246605369195390000669476649;77661,8665280100
005;33;0,375352821491922727936696446704;77661,8665280100
005;34;0,321887430769804971930625470122;77661,8665280100
005;38;0,000239826578554821676341618497;77661,8665280100
005;41;0,002219717353478990393145231508;77661,8665280100
006;34;0,667392812942379842766627007222;83390,8234801424
006;35;0,000128435462181789760349390206;83390,8234801424
006;41;0,005197064078629906776207736385;83390,8234801424
007;16;0,010536862171178679875582773207;223040,2465167916
007;17;0,031165789642806626669191416568;223040,2465167916
007;30;0,003351365471305163545867600305;223040,2465167916
007;31;0,992589180513491875501586036989;223040,2465167916
007;32;0,225833366262147505754143139711;223040,2465167916
007;34;0,009285761134653304146868713076;223040,2465167916
007;35;0,667517342073263408863681434013;223040,2465167916
007;36;0,872821206482767508738618289499;223040,2465167916
007;37;0,002559289763294780428032337838;223040,2465167916
008;16;0,004503284962128735816055957741;85919,6522347927
008;34;0,001433995152931435068319188098;85919,6522347927
008;35;0,332354222464466331210530825047;85919,6522347927
008;36;0,127178793517115584776888681517;85919,6522347927
008;37;0,997440710237523564529737996054;85919,6522347927
008;41;0,004839477924773979630734821455;85919,6522347927
008;64;0,001536298814963588544452166573;85919,6522347927
009;12;0,006496246724627388266504190995;176496,2929885648
009;13;0,006503360389933666649286969630;176496,2929885648
009;14;0,006643312021804792522061688942;176496,2929885648
009;15;0,999212202923401071608111578826;176496,2929885648
009;16;0,981231810874769405650397402496;176496,2929885648
009;17;0,000320449141849920150597330615;176496,2929885648
009;18;0,320088100703741329500218171233;176496,2929885648
009;64;0,004203344085675910293820045638;176496,2929885648
010;7;0,000438420888914209459352039344;191904,6216784967
010;8;0,000011082418866539335113377551;191904,6216784967
010;12;0,006809539576078512020107513791;191904,6216784967
010;17;0,003200548297923755652200084043;191904,6216784967
010;18;0,679759254279360236594698108092;191904,6216784967
010;19;0,997047180319749037913368283625;191904,6216784967
010;20;0,000308958386000165498037201006;191904,6216784967
010;21;0,386597259258091963118886269513;191904,6216784967
010;22;0,876716922960594557956426342571;191904,6216784967
010;23;0,298852514159517135272636778609;191904,6216784967
011;16;0,003728041991825429592177787441;119267,0652593886
011;17;0,963038910979199802575578814867;119267,0652593886
011;18;0,000152645017270998866821055118;119267,0652593886
011;19;0,002952819680241644453161375949;119267,0652593886
011;20;0,992868118465525695270912365231;119267,0652593886
011;21;0,607771476753739547937982479198;119267,0652593886
011;23;0,000422615955806046660146041427;119267,0652593886
011;24;0,000088190507331233170349588102;119267,0652593886
011;26;0,001238695611640250326956902427;119267,0652593886
011;27;0,000247401924790202870207272978;119267,0652593886
012;4;0,000839539133723001354016324260;327925,9579883534
012;7;0,000788579446265228844840933231;327925,9579883534
012;21;0,003786897563080782094097065382;327925,9579883534
012;22;0,111237436719033064291828338810;327925,9579883534
012;23;0,700724869884725487523269293888;327925,9579883534
012;24;0,961682133641762582065837250411;327925,9579883534
012;25;0,006816023426989658955121864636;327925,9579883534
013;1;0,866365846258991378903147051460;626917,9230182339
013;2;0,997237069725578351153671974316;626917,9230182339
013;3;0,004901425420871042930304195551;626917,9230182339
013;4;0,582933176829909416305497416033;626917,9230182339
013;6;0,000444008141515015331435983770;626917,9230182339
013;7;0,006293330666581024510075614842;626917,9230182339
013;24;0,003258389388069964608118933569;626917,9230182339
014;2;0,002762930274514857273415735506;400809,2975062121
014;3;0,369054070225356078971401529998;400809,2975062121
014;5;0,878733032003588765412871453009;400809,2975062121
014;6;0,004415070318008309895041474391;400809,2975062121
014;220;0,001358704132406591408299689760;400809,2975062121
015;3;0,626044504354260400447174106375;151654,7302644821
015;4;0,363845704388120028127673322160;151654,7302644821
015;5;0,112055549776510388060302148006;151654,7302644821
015;6;0,002831684584168833642564555575;151654,7302644821
016;4;0,000035179637928724415390623753;691149,6896900591
016;5;0,001024744879588046020738034692;691149,6896900591
016;6;0,987548247822062408296517332928;691149,6896900591
016;7;0,992477438380181986588013387518;691149,6896900591
016;8;0,986868943550256449981361583923;691149,6896900591
016;9;0,987105702203396551119851665135;691149,6896900591
016;10;0,009624977813292516504173335079;691149,6896900591
016;22;0,012045640319837945877989859866;691149,6896900591
016;219;0,001489799737643252887375755478;691149,6896900591
017;7;0,000002230617672146812009714711;112351,9811824684
017;8;0,013119974029628438116912292344;112351,9811824684
017;9;0,006869658814061212377677367869;112351,9811824684
017;10;0,013384165466181211640028791976;112351,9811824684
017;11;0,999415917922904961656627165212;112351,9811824684
017;12;0,986230594064402499299148985301;112351,9811824684
017;13;0,002789406819191578637551209852;112351,9811824684
018;10;0,003586421862199276611171683271;142820,0403147135
018;11;0,000303954576792790664464816164;142820,0403147135
018;12;0,000463619634526106429335545744;142820,0403147135
018;13;0,990417828932687038800963819085;142820,0403147135
018;14;0,984492278635641038242454214924;142820,0403147135
018;15;0,000209059659580213626391131942;142820,0403147135
018;64;0,000475824593245628907952488040;142820,0403147135
019;9;0,006024638982860618108272632298;163347,0685986355
019;10;0,970859268811752107453116877878;163347,0685986355
019;11;0,000280127500556215803650256246;163347,0685986355
019;13;0,000289403858545789129542297191;163347,0685986355
019;14;0,000105783826165742792066622180;163347,0685986355
019;65;0,000094484368645840049192111132;163347,0685986355
020;10;0,001204778667944696179947783321;432660,3146384032
020;64;0,000292105190954274659530937042;432660,3146384032
020;65;0,991423936116525017503420258436;432660,3146384032
020;66;0,019428477202981245947066568647;432660,3146384032
020;219;0,000003859422555070863228993128;432660,3146384032
021;66;0,952849840800048863975746371580;216976,4407374818
021;219;0,003965987406770346383744207941;216976,4407374818
021;221;0,006495573917131839368488410713;216976,4407374818
022;65;0,003742182629200541208597252663;279719,0249673966
022;66;0,016199387640631331825025185367;279719,0249673966
022;67;0,947484558228456674733308773284;279719,0249673966
023;67;0,036805932604995338086606437855;159516,4532430638
023;68;0,524924987006218923824008015799;159516,4532430638
023;235;0,002995687909403035864563946689;159516,4532430638
024;68;0,245409736485075302692138166094;208608,2674106136
024;69;0,662058947482975224119172708015;208608,2674106136
024;70;0,001614353942391761860888910185;208608,2674106136
024;235;0,001308464091797790357363240332;208608,2674106136
024;236;0,001831932788853414539875785749;208608,2674106136
025;69;0,337764889923125644077828155787;202964,4401205406
025;70;0,001359014807829539341760272109;202964,4401205406
025;71;0,052393764106562899784957920701;202964,4401205406
025;72;0,770658613445783235995634186111;202964,4401205406
025;236;0,000380395345595277174083337357;202964,4401205406
025;237;0,003254165396917809219279327237;202964,4401205406
026;71;0,932151389257415363687186982133;190036,8603612371
026;72;0,219431029609070488151090216888;190036,8603612371
026;127;0,001632209599950033796986192947;190036,8603612371
027;58;0,000067632138880934712286095711;280703,3256394863
027;67;0,005430772771794504551190474473;280703,3256394863
027;68;0,203892212155865892864170518806;280703,3256394863
027;70;0,993877217145467395376101649163;280703,3256394863
027;71;0,005372030658069955159905628506;280703,3256394863
027;126;0,000002186304922765734721698538;280703,3256394863
027;127;0,001938351217657384136308640343;280703,3256394863
028;58;0,898123314257533555959867044294;246806,1149301026
028;59;0,004187020205790311505600342912;246806,1149301026
028;67;0,000043029298888578137289272207;246806,1149301026
028;68;0,000161760251546893743914215524;246806,1149301026
028;70;0,003149414104109126821134934104;246806,1149301026
028;124;0,003945055686348659593210008723;246806,1149301026
028;125;0,001214917371344136250155276713;246806,1149301026
028;126;0,000949452640323243148012810622;246806,1149301026
047;44;0,000005961302175432487345917848;163573,3075338341
047;45;0,000088704730572957785029661326;163573,3075338341
047;46;0,996023757775870377528804056055;163573,3075338341
047;47;0,010652765353313439072868717972;163573,3075338341
047;48;0,000254850469110385724046813349;163573,3075338341
047;54;0,045230747411696074766762620811;163573,3075338341
047;85;0,005550975493550185622948500708;163573,3075338341
048;43;0,002196973802825062573734760107;150201,5589696392
048;44;0,314939197964735129176006012131;150201,5589696392
048;47;0,989347234646904882815476867108;150201,5589696392
048;48;0,026301726758054640858963679761;150201,5589696392
048;49;0,001472045704233228757482065951;150201,5589696392
049;43;0,002370860696050047702193586119;150317,0249384523
049;44;0,669071523619475305721948643622;150317,0249384523
050;39;0,001402699893423975299050487919;224367,8330205986
050;44;0,006179925254463296095674973429;224367,8330205986
050;45;0,989207717251764706567485063715;224367,8330205986
050;46;0,003976242224383497517181673686;224367,8330205986
050;76;0,000066394512059208377714389360;224367,8330205986
050;81;0,002169968733630120178573763567;224367,8330205986
050;85;0,000865517502566984339891498212;224367,8330205986
051;38;0,128835995718035611901086667785;203958,5246917610
051;39;0,818993386795923483667536402208;203958,5246917610
051;40;0,000467005600306247357217381833;203958,5246917610
051;44;0,000061965616489299856547295908;203958,5246917610
051;45;0,010368214874355623222879074774;203958,5246917610
051;75;0,001051906594255323356551512504;203958,5246917610
051;76;0,000107281201803792269151502370;203958,5246917610
052;39;0,176787772734124298823488175003;151611,9717120379
052;40;0,672466804674495599591921290994;151611,9717120379
052;41;0,000749122077409651457649553130;151611,9717120379
052;43;0,000014852438179848056999058509;151611,9717120379
052;44;0,009741426242828954071284464078;151611,9717120379
053;41;0,768438323990014549025318046915;139272,2016877374
053;42;0,000627067407898145739476858385;139272,2016877374
053;43;0,005207025621302296611303539464;139272,2016877374
054;38;0,214420862616699403613296226467;146075,8935025893
054;40;0,327066189725689182576928715207;146075,8935025893
054;41;0,216445069044278348702192715791;146075,8935025893
055;28;0,002317043561780650611642284886;163188,2858492769
055;29;0,009213699495266109915081464976;163188,2858492769
055;33;0,003419647719590940704997850119;163188,2858492769
055;38;0,656457292802030689671255458961;163188,2858492769
055;74;0,003662452511639490825706699795;163188,2858492769
055;75;0,001436446935044290336425110155;163188,2858492769
057;28;0,001176795081075333740741606370;205649,3106384072
057;73;0,001455878759544204517975551916;205649,3106384072
057;74;0,497253732977842699547466054355;205649,3106384072
057;75;0,000398262035379988573943754737;205649,3106384072
058;25;0,000000000008012782533026431920;302203,7104535847
058;73;0,764090629957602462951626876020;302203,7104535847
058;74;0,000161547248595081670849774036;302203,7104535847
058;76;0,000432620726147909531126428684;302203,7104535847
056;39;0,000071604491225886940158548710;267270,0929512307
056;74;0,000735125128410353632230078702;267270,0929512307
056;75;0,837246811697202053537125721050;267270,0929512307
056;76;0,001307073092654262042727753013;267270,0929512307
059;39;0,002744536085224347655292520543;3810198,2896893118
059;73;0,188350306723835375644071632451;3810198,2896893118
059;74;0,497379169073857707594754629099;3810198,2896893118
059;75;0,159866572738405321452148655226;3810198,2896893118
059;76;0,603554918538541707029310146027;3810198,2896893118
059;77;0,000380230465094410260539631308;3810198,2896893118
059;79;0,025590077593729710497827412041;3810198,2896893118
059;80;0,241781443862850803361297380434;3810198,2896893118
059;81;0,000953384519793351852684493153;3810198,2896893118
060;25;0,002178929556083039013186786192;14237476,0750257671
060;73;0,026587411947758283342624352485;14237476,0750257671
060;76;0,359669399615861973273922558292;14237476,0750257671
060;77;0,976919661900936153742236456310;14237476,0750257671
060;78;0,372280451037173498729515586092;14237476,0750257671
060;79;0,199097776517503766147143551279;14237476,0750257671
061;78;0,623384753031980931581301774713;523549,3878949359
061;79;0,001341713428706266903953081560;523549,3878949359
061;82;0,002671000686222004764230897322;523549,3878949359
062;76;0,006043260964027782032592650552;246074,4461501758
062;78;0,000172848240155011297417009253;246074,4461501758
062;79;0,275498332501610987410600728253;246074,4461501758
063;78;0,000334336949929268619548933250;171479,9956707666
063;79;0,208195404450272819607548058229;171479,9956707666
063;80;0,017715215550443003111880102551;171479,9956707666
063;82;0,007242507770313160071762315084;171479,9956707666
064;76;0,011855064029775260608934317474;327506,0980534015
064;79;0,290276695508009774382429668549;327506,0980534015
064;80;0,084566353708679500855716071328;327506,0980534015
065;76;0,000120409450903088337085644621;297069,4867167731
065;80;0,655936986877546979179953723360;297069,4867167731
065;81;0,004916512795291087811744290548;297069,4867167731
065;82;0,002810398193462344210852288384;297069,4867167731
066;45;0,000335363144008804644688459540;212961,2434891127
066;76;0,000171939131675055294256118654;212961,2434891127
066;81;0,260555042036754003209608754332;212961,2434891127
066;84;0,001921157762470570564902749844;212961,2434891127
066;85;0,433148063576778763472674427248;212961,2434891127
067;76;0,000103159703619019256265638973;196966,2112533972
067;81;0,731304580373693835504411708826;196966,2112533972
067;82;0,000842127506709272979391889269;196966,2112533972
067;84;0,143137781653513457280624265877;196966,2112533972
068;81;0,000100511540722999890987501836;187496,9737175703
068;82;0,288651545199850478873315751116;187496,9737175703
068;84;0,345593994123906844695426343606;187496,9737175703
069;82;0,690073527182710755312200490152;384715,8331194054
069;83;0,485933503798986587973729456280;384715,8331194054
069;84;0,000741579947052405487675774687;384715,8331194054
070;83;0,002923196566503821584859235116;273919,7251055930
070;89;0,991991439204068181645368440513;273919,7251055930
070;90;0,000096719977668489263674181378;273919,7251055930
071;87;0,001934038511409054980974553395;140669,8107734732
071;89;0,000920605226156027620088018182;140669,8107734732
071;90;0,995782812942878736706120434974;140669,8107734732
071;93;0,002937792722562981070216769908;140669,8107734732
029;58;0,006597208341862692039525573051;252587,3333623065
029;59;0,761126823865354684706119314797;252587,3333623065
029;62;0,007011381018360648628706677243;252587,3333623065
029;63;0,012872642120677473334677820560;252587,3333623065
029;67;0,001332277382762076575056786609;252587,3333623065
035;42;0,000018596716902524824873224607;268241,0357308351
035;50;0,011313731585280607447319134451;268241,0357308351
035;51;0,000029754257396255510792308641;268241,0357308351
035;57;0,002267941476563355932688503813;268241,0357308351
035;59;0,172898670438357077161484198768;268241,0357308351
035;60;0,999944802934048526665833378502;268241,0357308351
035;61;0,004684936426630252614966565261;268241,0357308351
035;62;0,002164266424679611548753666028;268241,0357308351
036;51;0,011860684135448129952750129235;210898,8340063766
036;57;0,989669384084316594574204373203;210898,8340063766
036;58;0,089143605496776995300578505521;210898,8340063766
036;59;0,061787485490435160861988350689;210898,8340063766
036;60;0,000055197065924644487132019743;210898,8340063766
036;122;0,000280667345252019317242142549;210898,8340063766
036;123;0,004813588944919611894990296719;210898,8340063766
036;124;0,000570036632732354143181241479;210898,8340063766
030;63;0,978028577798028542211739022605;161450,3585016364
030;64;0,000421087533827316988326028291;161450,3585016364
030;65;0,000968986964509374517490192247;161450,3585016364
030;67;0,003990058684394136301332167704;161450,3585016364
031;62;0,735598731769207203612381817948;167244,8043117458
031;63;0,005477786341097128954003014911;167244,8043117458
031;64;0,001075452285088015873248945553;167244,8043117458
032;10;0,000310190724528953498759925589;275466,7971788114
032;14;0,007516955967736970931070139557;275466,7971788114
032;63;0,003620993739613882593519900155;275466,7971788114
032;64;0,512483333041958366571577698778;275466,7971788114
032;65;0,002207326952723862815292088513;275466,7971788114
033;14;0,001241669549050167459594562480;262864,7109466372
033;15;0,000578737417099018801487642083;262864,7109466372
033;41;0,002111225531449855471327614609;262864,7109466372
033;42;0,000018727191448320069537547550;262864,7109466372
033;61;0,032433811173333798594242693980;262864,7109466372
033;64;0,478499412822779413012597160559;262864,7109466372
034;42;0,003832096247610233645530808388;274314,2253560894
034;61;0,962740935816525644774799275183;274314,2253560894
034;62;0,255225620787797480293335183887;274314,2253560894
034;64;0,000938066227601180402211056286;274314,2253560894
038;42;0,001237685877012923308521097354;161005,0152750416
038;49;0,000013664343385352367317431277;161005,0152750416
038;50;0,984964111920078155826274723950;161005,0152750416
038;51;0,003398013871940336414617656047;161005,0152750416
038;52;0,000000468575281812955500484325;161005,0152750416
039;42;0,986720637891690732779181871592;167222,3065155745
039;50;0,000850289440169144788983501826;167222,3065155745
039;61;0,000140316583527822527589432045;167222,3065155745
039;64;0,000075075404065713839739208690;167222,3065155745
040;42;0,007545188667524480551074272938;176526,6892220974
040;43;0,990210287441245395889666269795;176526,6892220974
040;49;0,063897345557683019046102401717;176526,6892220974
040;50;0,000013080418969283993035554459;176526,6892220974
041;49;0,926937989710178156244069214154;151466,6306862906
041;50;0,002858786635317602225353494916;151466,6306862906
041;52;0,008641578809459066201625887516;151466,6306862906
037;51;0,975600569703774622709602226678;219873,7158010416
037;52;0,000862032618705937275262185526;219873,7158010416
037;56;0,003055861134578873646722163571;219873,7158010416
042;52;0,973226725214186516588199538091;161488,5961889552
042;53;0,000094193797972279871529369122;161488,5961889552
042;55;0,000000003977451362711257763002;161488,5961889552
042;56;0,001773260263331865888708493983;161488,5961889552
043;53;0,000001227540652996503744574970;190852,8818670128
043;55;0,310539150435525157512017813133;190852,8818670128
043;56;0,983232901406375536801363068662;190852,8818670128
043;97;0,000551599107227004892273214409;190852,8818670128
043;103;0,000013895470723723199251917193;190852,8818670128
044;52;0,012100117317083179668824044484;251197,3597039990
044;53;0,656685279583845593620594627282;251197,3597039990
044;54;0,001547557260953138407247320352;251197,3597039990
044;55;0,683340917607384579213203323889;251197,3597039990
044;96;0,000000125153875621447592482362;251197,3597039990
045;48;0,968493308505449568279743743915;207190,6697462460
045;49;0,007678954684437221296644526802;207190,6697462460
045;52;0,005169077465888584875519651263;207190,6697462460
045;53;0,338945452072194342019173518565;207190,6697462460
046;48;0,004950114267500497697294115085;193853,4051362963
046;53;0,004273847005209412651394185190;193853,4051362963
046;54;0,953113425269411118634366175684;193853,4051362963
046;85;0,000652490628168448825660585833;193853,4051362963
046;86;0,000383105383946537173586038838;193853,4051362963
046;96;0,000000053903756072537736816590;193853,4051362963
078;95;0,002017038234955641825413286128;213268,0685971007
078;96;0,987519423226365766765866283095;213268,0685971007
078;97;0,001688397827967900522230793037;213268,0685971007
078;98;0,001992662281778444406665773414;213268,0685971007
079;54;0,000000411719278586770015548879;217239,7722554766
079;55;0,005475977627639781221413617374;217239,7722554766
079;96;0,002392955307462820823544147331;217239,7722554766
079;97;0,968002008889881748743277967151;217239,7722554766
080;96;0,001930183345364915080757950427;121875,3962834347
080;97;0,002774135160159546271280150975;121875,3962834347
080;98;0,276389159954315233314048327884;121875,3962834347
081;97;0,008297592145852445907894257005;207403,2070391669
081;98;0,011547510426017558449185429481;207403,2070391669
081;99;0,623614446564058066968527782592;207403,2070391669
081;102;0,003215660465256851233833979009;207403,2070391669
081;116;0,000149034557161247134798170988;207403,2070391669
081;117;0,000698761732518261868309095153;207403,2070391669
082;98;0,289657341656062383705716456461;126644,2504905965
083;92;0,000005312763081691105611185921;180614,4750597030
083;98;0,412661773471299453408533963739;180614,4750597030
083;99;0,000581410297705033996852608258;180614,4750597030
084;87;0,003299825293169438098633827749;146686,9849004596
084;94;0,993308551012225926513110607630;146686,9849004596
084;95;0,000606817865915976672672171865;146686,9849004596
084;96;0,000458966161580965238252910465;146686,9849004596
084;98;0,003565961203039093654898472607;146686,9849004596
085;87;0,000033348560962707823906482629;211208,8232981227
085;89;0,000750162649837243116802965037;211208,8232981227
085;90;0,003420358159539364003437489359;211208,8232981227
085;91;0,000001289544590041089004934030;211208,8232981227
085;92;0,001825805993265679346912455649;211208,8232981227
085;93;0,996906590340920217840903205797;211208,8232981227
085;94;0,006111147955073197544917373847;211208,8232981227
085;98;0,000029142778204672888922241447;211208,8232981227
086;91;0,991502598356001185742059078621;862147,8444230335
086;92;0,006147878816121381262416178970;862147,8444230335
086;100;0,003061578206653506068618542102;862147,8444230335
087;91;0,002214584486539150024603239686;842014,2789304046
087;92;0,992021002427632136999591239146;842014,2789304046
087;93;0,000155616936629933926396554544;842014,2789304046
087;98;0,004156448229084550027856437282;842014,2789304046
087;99;0,000840869592962840777493338518;842014,2789304046
087;100;0,003655562400142573376699006715;842014,2789304046
088;99;0,369448367178241254826787098864;235005,9220191427
088;100;0,093189459533095334031749246151;235005,9220191427
088;117;0,000772183520654243422433327115;235005,9220191427
089;100;0,617726488020329700390220750705;802565,4071769454
089;101;0,019287400921865701514112956261;802565,4071769454
090;100;0,282002568122780072901178982647;1647417,2806378873
090;101;0,964478402092614817142646188586;1647417,2806378873
090;117;0,001331787124976693782382741738;1647417,2806378873
090;118;0,002018370010312737442698116652;1647417,2806378873
090;119;0,000454015435163849666224539225;1647417,2806378873
091;121;0,745456413215852875531197696546;8025743,9452569131
092;101;0,000001236343300871235720804486;3303697,6683320822
092;112;0,223071306769829086347201041463;3303697,6683320822
092;119;0,163097314062423365266241148674;3303697,6683320822
092;120;0,198426130521600463385567536534;3303697,6683320822
092;121;0,218776695355744371651596225092;3303697,6683320822
092;167;0,000083163027868696462359399124;3303697,6683320822
093;101;0,004986356768115275325814472751;1726954,6887084311
093;112;0,000072116708038063724768573781;1726954,6887084311
093;119;0,650003523592105003636731908045;1726954,6887084311
093;120;0,493138597137479206544696808123;1726954,6887084311
093;121;0,000025177033099151484632754333;1726954,6887084311
094;100;0,000043997345787016769449659370;339678,5341133289
094;101;0,000000145547385762060262860348;339678,5341133289
094;117;0,046019757588888252075598472857;339678,5341133289
094;118;0,402578647546234458243219478391;339678,5341133289
094;119;0,069967318758422838986810177175;339678,5341133289
095;115;0,000313095532998491042631084014;683656,3653782752
095;116;0,001725280852318245754586922835;683656,3653782752
095;118;0,423295629824433861099208797896;683656,3653782752
095;119;0,114133410028077281195280079373;683656,3653782752
095;120;0,192149954981489901051361357531;683656,3653782752
096;99;0,005370618199411891259542617405;297154,8680772372
096;100;0,000221879640032866896209862162;297154,8680772372
096;117;0,946130777223583963042585764924;297154,8680772372
096;118;0,170086737427377954201546117474;297154,8680772372
097;99;0,000144288167845100595782295572;114948,0543896416
097;102;0,254895209416900081489387730471;114948,0543896416
097;116;0,078268911211590047605213271709;114948,0543896416
097;117;0,000455675763859993165384720815;114948,0543896416
098;102;0,000458754698503758867773882901;241291,5007587017
098;116;0,914946079093992059583229092823;241291,5007587017
098;117;0,004591057045313142945253126470;241291,5007587017
098;118;0,000793734155013409593132367448;241291,5007587017
099;107;0,000542876532509102213697183004;431719,8200039617
099;112;0,000091100627191976324805236520;431719,8200039617
099;114;0,324807100108566115803654383853;431719,8200039617
099;115;0,999079626065607850904370934586;431719,8200039617
099;116;0,002464101235582113937766512990;431719,8200039617
099;118;0,001226881036385886252979005029;431719,8200039617
099;120;0,000462795332265836050454621553;431719,8200039617
100;112;0,469258074286888315906907109820;1131193,5891732592
100;113;0,004775830388151849209554811182;1131193,5891732592
100;114;0,000083944032999083508551907418;1131193,5891732592
100;120;0,115822522026921476134830868432;1131193,5891732592
101;111;0,000755756646084797755434647737;605739,3949321385
101;112;0,293868020163233878427888612350;605739,3949321385
101;113;0,000040735015856776492434998538;605739,3949321385
101;144;0,001789886384605680284126671964;605739,3949321385
101;167;0,000028323829209344312278148759;605739,3949321385
102;107;0,000006776710736603575178232939;235427,3873693107
102;108;0,000093882949001346507264531560;235427,3873693107
102;109;0,000000497172794788169314025850;235427,3873693107
102;110;0,000001867274907132604308199197;235427,3873693107
102;111;0,000615849053078312055203857867;235427,3873693107
102;112;0,000302094559661255095302234697;235427,3873693107
102;113;0,984910725472191606044702893996;235427,3873693107
102;114;0,000767392711023994877200804510;235427,3873693107
103;107;0,003760326783000079737401266655;261281,1192907039
103;112;0,000113368417616427512631914476;261281,1192907039
103;113;0,000752947516132318429502023882;261281,1192907039
103;114;0,673745294587305254552234146104;261281,1192907039
104;102;0,000138518330183109007833902604;261116,2536278501
104;106;0,000541452844001801924904426766;261116,2536278501
104;107;0,992418588732909112692937014799;261116,2536278501
104;108;0,001766556731264790113325457988;261116,2536278501
104;114;0,000596268560482137322670270763;261116,2536278501
104;115;0,000607278401467932190185838870;261116,2536278501
104;116;0,000029668727135021391897243270;261116,2536278501
105;102;0,265076471904150401392996627692;185915,2324181892
105;106;0,288229525558709842592008953943;185915,2324181892
105;107;0,001310414825393672226885866117;185915,2324181892
105;116;0,002416924322384210888775557535;185915,2324181892
072;83;0,000037094432864097011436684687;249539,5562681612
072;85;0,000102840955512568791620220399;249539,5562681612
072;86;0,000583910022459291247302892724;249539,5562681612
072;87;0,994267952473811611469045601552;249539,5562681612
072;88;0,004251131350019938387463369622;249539,5562681612
072;89;0,000032203426672783709659025897;249539,5562681612
072;90;0,000700108919690377090247479508;249539,5562681612
072;94;0,000576997366211016906450970154;249539,5562681612
072;95;0,000000225738285752274664354607;249539,5562681612
073;83;0,509578826963502984348508562107;212017,8351392196
073;84;0,003233989086795854839273545167;212017,8351392196
073;87;0,000014689109892022334130125272;212017,8351392196
073;88;0,995748868649581342360477265174;212017,8351392196
073;89;0,005619210422661132138533179869;212017,8351392196
074;84;0,504012562020997312295378378622;113859,5631954694
074;85;0,000001877157076031901315055217;113859,5631954694
074;87;0,000003670188443345509961366485;113859,5631954694
075;84;0,001358935405748556198707310827;185228,6537747650
075;85;0,520698602062033444326516473666;185228,6537747650
075;86;0,002183235076739944210272303948;185228,6537747650
075;87;0,000407955047518748043985925555;185228,6537747650
076;54;0,000107858338721475221578041670;333997,7498916622
076;85;0,038979632624570409449304975169;333997,7498916622
076;86;0,994110985298282567868000114686;333997,7498916622
076;87;0,000038520814513528703728131863;333997,7498916622
076;95;0,001450130991457313596112999043;333997,7498916622
076;96;0,001215802491245858646742861175;333997,7498916622
077;86;0,002738764218561785725863932939;196677,4007391520
077;94;0,000003303666235469607602220563;196677,4007391520
077;95;0,995925787169930409881146715634;196677,4007391520
077;96;0,006482490410376143263881942858;196677,4007391520
112;109;0,003237655031627927580684112030;359146,2668372854
112;110;0,992452469743899112764040637558;359146,2668372854
112;111;0,002971188414063303650375358345;359146,2668372854
112;113;0,000689424000911680891733046561;359146,2668372854
112;135;0,000612926530624463821589342771;359146,2668372854
112;140;0,005348496678163170911513013550;359146,2668372854
113;110;0,003177914588124305331900965044;203988,7308020036
113;111;0,995070041063562338301551335462;203988,7308020036
113;112;0,012541100179893393054553207833;203988,7308020036
113;113;0,004602018986587240109709107116;203988,7308020036
113;143;0,000706361640059125243593096677;203988,7308020036
114;110;0,000060101964416861094922354958;263807,6676067348
114;135;0,049898696950866079646846884543;263807,6676067348
114;139;0,085884282071403528213693334692;263807,6676067348
114;140;0,660743241010699478010792518035;263807,6676067348
114;141;0,229210356278525262396783546137;263807,6676067348
115;110;0,001426005222591696097733660054;279655,0282672849
115;111;0,000587164823405729712629819161;279655,0282672849
115;112;0,000018336543882055178532677897;279655,0282672849
115;140;0,096943939209972046500141118486;279655,0282672849
115;142;0,079179511871793464838908960246;279655,0282672849
115;143;0,845733706110493921315196530486;279655,0282672849
115;144;0,004983194995617221297046217643;279655,0282672849
116;112;0,000509856673078439058890976021;496322,7106618043
116;142;0,000031676772106700060800590218;496322,7106618043
116;143;0,145146888477281160723109110222;496322,7106618043
116;144;0,993000431978440900593341211788;496322,7106618043
116;167;0,009912524095236779214657119041;496322,7106618043
116;171;0,000000000000000433486725899885;496322,7106618043
117;141;0,000358287557602359244511569525;211164,0888224742
117;142;0,499465026862022376530347855805;211164,0888224742
117;143;0,006820594123272414113778872036;211164,0888224742
117;171;0,000955178692900969668853894401;211164,0888224742
118;139;0,042139976894970322673916740541;353224,6888327543
118;140;0,000002613975057627634394821076;353224,6888327543
118;141;0,766267570021289645687545544206;353224,6888327543
118;142;0,420566575741855297465576768445;353224,6888327543
118;158;0,000853101283346230365722817623;353224,6888327543
118;159;0,000482101447500735548305772493;353224,6888327543
118;171;0,000896534987893001281654414836;353224,6888327543
119;135;0,002930050332079176238914142161;321289,9590464870
119;136;0,012829783821418111466883260618;321289,9590464870
119;137;0,007456058952223331218189805725;321289,9590464870
119;139;0,437198241608197424312720613671;321289,9590464870
119;140;0,236961709126286890203516577458;321289,9590464870
119;158;0,000094834442715214498000747545;321289,9590464870
120;137;0,117317562349054882453458503733;327099,0752136512
120;138;0,256344010511198316937253594006;327099,0752136512
120;139;0,433520286019412726119526269031;327099,0752136512
120;152;0,000575694798526444804186164017;327099,0752136512
120;153;0,007853750193623429409761627085;327099,0752136512
121;129;0,090405291705140472524604433602;131343,8639953833
121;130;0,000143643505716863398823102127;131343,8639953833
121;136;0,000014758457490987977514702856;131343,8639953833
121;137;0,592999108309650413417557501816;131343,8639953833
121;138;0,216017425800777040922895366748;131343,8639953833
122;130;0,000140887632247320844199392487;149420,3188443258
122;135;0,006213726179086983235355656774;149420,3188443258
122;136;0,983327410078284502858991800167;149420,3188443258
122;137;0,281607202283012780785753648161;149420,3188443258
123;131;0,000502974777647994825829913523;112780,5777737387
123;133;0,000834682428744026611716622099;112780,5777737387
123;134;0,497457405213038050817431212636;112780,5777737387
123;135;0,930136903466573294885222367157;112780,5777737387
123;136;0,002681424621185621130770027065;112780,5777737387
124;109;0,000269953232183352590488334410;139492,2459422700
124;132;0,000002832492505952144450608043;139492,2459422700
124;133;0,983703505399670330433536946657;139492,2459422700
124;134;0,000788852152877951226517261318;139492,2459422700
124;135;0,007206399277736739474031768538;139492,2459422700
125;57;0,006372148048152073696037689388;120413,6519026048
125;104;0,000089866984704864167482485371;120413,6519026048
125;122;0,989692272727578314928109648463;120413,6519026048
125;123;0,000754944984291823191838166629;120413,6519026048
125;133;0,003369667495615456895979855645;120413,6519026048
126;122;0,008404059597165201150881230774;127495,5789739937
126;123;0,992718028585218181802929393598;127495,5789739937
126;124;0,003191342065132781336683764906;127495,5789739937
126;131;0,000057053042721198592157616503;127495,5789739937
126;132;0,001143898591006048534243766390;127495,5789739937
126;133;0,000000475247634038743992567974;127495,5789739937
127;123;0,000653479377225206687664071925;100787,4590465769
127;131;0,002671684496467752450293842159;100787,4590465769
127;132;0,998840348535775968130678847956;100787,4590465769
127;133;0,000655925675175806125426214432;100787,4590465769
127;134;0,501753742634173494074900645501;100787,4590465769
128;124;0,000003131976229484431162742447;114322,4840037860
128;130;0,283442947461739369607869321044;114322,4840037860
128;131;0,996245499932751354954518774321;114322,4840037860
128;132;0,000012920380818358408096888784;114322,4840037860
128;136;0,001146623020966263057154876925;114322,4840037860
128;137;0,000180522562536084192359037148;114322,4840037860
129;123;0,001059958108117782038873344597;182296,8391564572
129;124;0,992290433639567037715778496931;182296,8391564572
129;125;0,539659069639343291768796007091;182296,8391564572
129;130;0,001077778826310573940389092584;182296,8391564572
129;131;0,000522787751540430942372161827;182296,8391564572
130;125;0,000117916780762578003575492824;142835,0946387574
130;126;0,000602627824839689391241137617;142835,0946387574
130;128;0,000284424456520405706354270858;142835,0946387574
130;129;0,363829106610985497649579656354;142835,0946387574
130;130;0,715106562935598932817526929284;142835,0946387574
130;137;0,000439545543201034778595104324;142835,0946387574
131;58;0,006068239764784164394506582596;203831,8865743838
131;125;0,459008096208612104138779841378;203831,8865743838
131;126;0,994027059645412935928732167667;203831,8865743838
131;127;0,000523540216503889867423471305;203831,8865743838
131;129;0,000040490824801268571263117291;203831,8865743838
131;130;0,000088179638474708999396761699;203831,8865743838
132;71;0,001141830813771596694547461048;137844,9656383693
132;126;0,000501891771541414493523758367;137844,9656383693
132;127;0,993385192940323125121437897178;137844,9656383693
132;128;0,001531471307395343081636518434;137844,9656383693
133;126;0,003916781812112018514027145244;111469,9027472571
133;127;0,001477026967649876015506449356;111469,9027472571
133;128;0,980577156251069781411899839441;111469,9027472571
133;129;0,000025149785039280004319238448;111469,9027472571
133;145;0,002631791422320708430382385501;111469,9027472571
134;128;0,017310738251886486488428928965;197379,7518234542
134;129;0,545439025465790927604814442020;197379,7518234542
134;138;0,527206719895679465359705773153;197379,7518234542
134;152;0,001510388929886800251159439945;197379,7518234542
106;55;0,000643950352190889095498060879;294406,8111348804
106;56;0,002306407851872949686666824931;294406,8111348804
106;97;0,018686266868732866880398191256;294406,8111348804
106;102;0,476215385184551642794303916162;294406,8111348804
106;103;0,199044942101721578087136776958;294406,8111348804
106;106;0,297396351563277205887203535895;294406,8111348804
107;56;0,009531180497440019938615307638;223047,9210748113
107;103;0,796482042285326596875449922663;223047,9210748113
107;104;0,000061403297624724895316904172;223047,9210748113
107;105;0,002265305769822509134037158418;223047,9210748113
107;106;0,413832670034234295641795142728;223047,9210748113
107;107;0,001640587680713681594316111223;223047,9210748113
107;108;0,000001385259759460361060710160;223047,9210748113
108;51;0,009110978031697003140521040621;256453,3847213499
108;56;0,000100388846325916034291428347;256453,3847213499
108;57;0,001690526391160587565618000916;256453,3847213499
108;103;0,004459120141481835372654352057;256453,3847213499
108;104;0,997698056614942707653881370788;256453,3847213499
108;122;0,001623000329904323571147961580;256453,3847213499
108;133;0,002664530182541250801636634193;256453,3847213499
109;104;0,002150673102352213591353935485;216751,8987845946
109;105;0,995502256890411274525831686333;216751,8987845946
109;108;0,004220592106327191415926503026;216751,8987845946
109;109;0,000724730000456461726995871508;216751,8987845946
109;133;0,001412160887945311874003273545;216751,8987845946
110;105;0,000003557164796870831394333401;231528,2216925304
110;107;0,000320428734465040912244432336;231528,2216925304
110;108;0,993227156666990795841343242500;231528,2216925304
110;109;0,001899352412625599471895920800;231528,2216925304
110;113;0,004228318619507338664564866093;231528,2216925304
111;105;0,002228880175092401438874389896;284724,5120438403
111;108;0,000690426286702480501884793274;284724,5120438403
111;109;0,993867812150071805454842888139;284724,5120438403
111;110;0,002881641206378934665088831224;284724,5120438403
111;133;0,007359052683811832286375764767;284724,5120438403
111;135;0,003001297262426085195319291898;284724,5120438403
147;139;0,000072953176304010213708631238;469926,7360435314
147;141;0,004163786143141714676807474405;469926,7360435314
147;142;0,000174265443626612603726655504;469926,7360435314
147;153;0,012420986449086370700944925716;469926,7360435314
147;154;0,028634085105064332327229337238;469926,7360435314
147;156;0,082638582869083085369332764003;469926,7360435314
147;157;0,986245803503854268079464873153;469926,7360435314
147;158;0,987593939102706874777481971250;469926,7360435314
147;159;0,000502299687193730084837361982;469926,7360435314
148;156;0,002055549561782654081204535501;279223,8794934209
148;157;0,013406120492982369005185994126;279223,8794934209
148;158;0,004104984824908537201226810254;279223,8794934209
148;159;0,845142289360033993617093983630;279223,8794934209
148;160;0,979748556044690466215740798361;279223,8794934209
148;161;0,118147364933003623521656777484;279223,8794934209
148;164;0,015120594409979920894060434478;279223,8794934209
148;170;0,014090886795959765495633853050;279223,8794934209
148;171;0,042073823085477822514288703815;279223,8794934209
149;142;0,000582943308559607815261260910;337544,7118559005
149;158;0,000109529983091445517855155867;337544,7118559005
149;159;0,153873309505452471324105090389;337544,7118559005
149;170;0,004573751876247698563981991526;337544,7118559005
149;171;0,942160917993709934314949805412;337544,7118559005
150;112;0,000154625070641109692553410992;1681203,6642318030
150;121;0,000041155504329303946777635081;1681203,6642318030
150;143;0,001592449649704856442372635783;1681203,6642318030
150;144;0,000226486641827076620346256841;1681203,6642318030
150;167;0,423634445269250592414067568825;1681203,6642318030
150;168;0,103214620071421195324212760625;1681203,6642318030
150;170;0,001462992953715495664940293707;1681203,6642318030
150;171;0,007922395335884704209439277633;1681203,6642318030
151;167;0,319272296516519282771895404949;2055246,6019048668
151;168;0,896785379928207726507594088616;2055246,6019048668
151;169;0,811861561224829331173680202483;2055246,6019048668
151;170;0,032654033314056682413273335897;2055246,6019048668
152;164;0,107080240757009476082473042879;744530,9284091918
152;166;0,000195739527168895183825009232;744530,9284091918
152;170;0,881942646677861152859634330525;744530,9284091918
152;171;0,005905545263698243688144096097;744530,9284091918
153;160;0,016986753558507063782689883169;178491,0259142783
153;164;0,298792600783313655465889269180;178491,0259142783
153;170;0,050634112441459294684520386909;178491,0259142783
153;171;0,000085604640305497319572106130;178491,0259142783
154;163;0,773349419313630881411825157556;2573356,4806530233
154;164;0,098540735993803266201673807245;2573356,4806530233
154;165;0,999102337289100694839305560890;2573356,4806530233
154;166;0,992543391788523798879850801313;2573356,4806530233
154;167;0,243746653080284536585509158613;2573356,4806530233
154;169;0,188138438775600325136849733099;2573356,4806530233
154;170;0,014449673441520744995858471782;2573356,4806530233
154;179;0,001174978532311916250632788383;2573356,4806530233
154;180;0,001442400702966725560549843266;2573356,4806530233
154;182;0,001331896946244279277341004963;2573356,4806530233
154;193;0,002490212939049469154789706593;2573356,4806530233
154;194;0,001061349333125656893561661320;2573356,4806530233
155;160;0,002906250328273279198709744264;301582,1238628943
155;161;0,000543276016118505273785888043;301582,1238628943
155;162;0,387729277707089203808266120177;301582,1238628943
155;163;0,223892236893346308068686312254;301582,1238628943
155;164;0,480047152048723946293762310233;301582,1238628943
155;165;0,000376694520521606186769236757;301582,1238628943
155;170;0,000191902499173483262516828884;301582,1238628943
155;173;0,000768820963993080593035234216;301582,1238628943
155;179;0,001968216426786713671437389905;301582,1238628943
156;156;0,000142741892355756285100387704;195079,4125781597
156;160;0,000358440068530823231860577005;195079,4125781597
156;161;0,685477030191455116714394080191;195079,4125781597
156;162;0,607030055259574874426675705763;195079,4125781597
156;164;0,000418676007665559418106232537;195079,4125781597
156;172;0,000381923760596766608509111673;195079,4125781597
156;173;0,005244122277639923571102009703;195079,4125781597
157;155;0,000807179526739127024825837253;207333,3552534888
157;161;0,000012628838350416668736761472;207333,3552534888
157;162;0,004390733363673517478109609158;207333,3552534888
157;172;0,521055359486073399466476985253;207333,3552534888
157;173;0,545081276132888703500611882191;207333,3552534888
157;178;0,000044670247175587307446320562;207333,3552534888
157;179;0,003474532467984835573671098530;207333,3552534888
158;150;0,000052407365032082484155966096;44315,2864093003
158;172;0,222606968238081182054344253629;44315,2864093003
158;173;0,000559050752278590287747128684;44315,2864093003
159;172;0,245611977466883235621253334102;166268,1721076791
159;173;0,438871386160878118598560604369;166268,1721076791
159;174;0,192109138439866822256618661413;166268,1721076791
159;175;0,000174166549652975030096010989;166268,1721076791
159;178;0,000008482808990213272008068524;166268,1721076791
159;204;0,000076459756876397962370613126;166268,1721076791
159;205;0,000243088492353780305380364646;166268,1721076791
160;174;0,795699225589336922581651379005;146363,2426095756
160;175;0,002118542292934843217222518064;146363,2426095756
160;176;0,000705571066580204346585514230;146363,2426095756
160;202;0,000750730831176316159084049850;146363,2426095756
160;206;0,013465523397291439405831781073;146363,2426095756
160;207;0,000033648564344894878717657366;146363,2426095756
161;173;0,000113949045316599136012415683;208622,8964318558
161;174;0,000259347602423730904091375704;208622,8964318558
161;175;0,991417791056321995313282968709;208622,8964318558
161;176;0,062194421917982307956851428798;208622,8964318558
161;177;0,000031530293193686354696111257;208622,8964318558
161;178;0,001214837281943778515141962870;208622,8964318558
162;175;0,001221749785933951655200746522;445544,6007568203
162;176;0,922848614605524364407074244809;445544,6007568203
162;177;0,008262847829050238429582364574;445544,6007568203
162;184;0,000898933136245045716176960138;445544,6007568203
162;187;0,000733123259046161170580935273;445544,6007568203
162;207;0,005834672086601214863188502591;445544,6007568203
163;175;0,003359309831499221899592244611;182656,9404658084
163;176;0,001952761077920897505449948639;182656,9404658084
163;177;0,980069982314449306137760231650;182656,9404658084
163;178;0,000000145082569101186848164325;182656,9404658084
163;181;0,001382955757966582675810851555;182656,9404658084
164;173;0,002519156473514247603084914573;182552,8419001213
164;175;0,001708440483499615867094001409;182552,8419001213
164;177;0,001963121182574122016578632710;182552,8419001213
164;178;0,975881655315118612392666364030;182552,8419001213
164;179;0,002633488544513113652906222129;182552,8419001213
164;180;0,001704096870384477378432275252;182552,8419001213
164;181;0,000401617908526078371423545521;182552,8419001213
165;162;0,000849933669372126610920548107;171659,8499588799
165;163;0,000010330669700332296772563728;171659,8499588799
165;173;0,006842238193456366864009243756;171659,8499588799
165;178;0,000580427822399418968761508619;171659,8499588799
165;179;0,931317822242167081547847828915;171659,8499588799
165;180;0,000363366988102079273986744212;171659,8499588799
166;163;0,001766263758634533135791211400;118684,9003935829
166;178;0,019438337498296345134951579325;118684,9003935829
166;179;0,059430961786088289111606997039;118684,9003935829
166;180;0,598383713531894789738885265251;118684,9003935829
166;181;0,000999247719107422462808676400;118684,9003935829
167;163;0,000981749364911436430899960293;329718,0969955585
167;165;0,000520968190465124808725960737;329718,0969955585
167;177;0,003242593207733017630911565021;329718,0969955585
167;178;0,002831443943878900280225474617;329718,0969955585
167;180;0,396581245001082272061410094466;329718,0969955585
167;181;0,995414087664297730917439821496;329718,0969955585
167;182;0,028585520069825339634084215845;329718,0969955585
168;177;0,003379994268881809926785564357;282239,4907645673
168;180;0,001525176905252421683673036412;282239,4907645673
168;181;0,001802090950422134555189423999;282239,4907645673
168;182;0,928736632800416073152405260771;282239,4907645673
168;183;0,360758318302382807729600244784;282239,4907645673
168;184;0,001327031413403114042115493731;282239,4907645673
168;191;0,000023410365429731126859450724;282239,4907645673
168;192;0,000487038941836499220550821265;282239,4907645673
168;193;0,007117786454429439468860607576;282239,4907645673
169;166;0,002216851898199448996779059584;790101,3871982505
169;182;0,041345950183103656605521081246;790101,3871982505
169;183;0,006159444963142687162749311369;790101,3871982505
169;191;0,000563040319038064741505311694;790101,3871982505
169;192;0,319804645379288710049792143764;790101,3871982505
169;193;0,990392000606970523968186626007;790101,3871982505
169;194;0,257028016530135572370596719338;790101,3871982505
170;190;0,353926474002901059190406840571;465366,7453363892
170;191;0,004873595888029831624255194811;465366,7453363892
170;192;0,677290267484975450074102809594;465366,7453363892
170;194;0,001310267768274615525839199570;465366,7453363892
170;195;0,000827842156864452491382699861;465366,7453363892
171;185;0,052107126067805639713093057708;177650,8780020503
171;188;0,003523920845357609264725251563;177650,8780020503
171;189;0,006706133145594493465135865762;177650,8780020503
171;190;0,000543643108762613944985597758;177650,8780020503
171;191;0,992193282231286111105816871714;177650,8780020503
171;192;0,001015308996335302161098668172;177650,8780020503
172;183;0,005282156921964326588836424747;111924,4074890334
172;184;0,001678683880234921885557519694;111924,4074890334
172;185;0,934455482932255776518104539718;111924,4074890334
172;186;0,000442737382719738021847472043;111924,4074890334
172;188;0,000906273616008486273924737997;111924,4074890334
172;191;0,000165791739887565859386947542;111924,4074890334
135;71;0,008940985164350420677514819090;223825,6376491030
135;72;0,000022032653910188331712605159;223825,6376491030
135;127;0,001043679058083427438341495019;223825,6376491030
135;128;0,000207729282060162447195658664;223825,6376491030
135;145;0,977442719221037314980549126631;223825,6376491030
135;146;0,000379229636216340160355386946;223825,6376491030
136;72;0,006814950085452395334151276529;113904,1648677737
136;145;0,000652616559634375584773857693;113904,1648677737
136;146;0,436714394380682713325825261563;113904,1648677737
136;147;0,000080551404807242341504780470;113904,1648677737
137;128;0,000088480451095284410245253581;224735,8904384525
137;129;0,000260935607749540154735867770;224735,8904384525
137;138;0,000431843792249960356424004493;224735,8904384525
137;139;0,000002271155009826390453473235;224735,8904384525
137;145;0,019272872796970669934113473687;224735,8904384525
137;146;0,007229939617924081157740445747;224735,8904384525
137;147;0,000399363517480920979588199238;224735,8904384525
137;151;0,000000020863608796568148524928;224735,8904384525
137;152;0,994559836953875731069274479523;224735,8904384525
137;153;0,002320705562162576202078767551;224735,8904384525
137;154;0,000809456954018633687703010438;224735,8904384525
138;139;0,001181989074581566660088194354;384183,6837245235
138;151;0,000733227662110106899809314207;384183,6837245235
138;152;0,001545403489432737708514364883;384183,6837245235
138;153;0,976964128430427125593382697843;384183,6837245235
138;154;0,302517337053185009221323298334;384183,6837245235
138;158;0,005395924910893243504894645213;384183,6837245235
139;147;0,000439408689126287194549186355;366102,8065038025
139;148;0,001380010855342967768591422306;366102,8065038025
139;150;0,000933961936397769516490785513;366102,8065038025
139;151;0,877398816809767612134862702078;366102,8065038025
139;152;0,001278220586047572717228182348;366102,8065038025
139;154;0,090739579252333571468547290806;366102,8065038025
139;155;0,000133342566217023298681676469;366102,8065038025
140;147;0,587019070891661720601462093327;365287,8384831492
140;148;0,993603864583397444754098160047;365287,8384831492
140;149;0,003688159587292605488123564683;365287,8384831492
140;151;0,001467561575055407411399821527;365287,8384831492
140;152;0,000530455242174249284696496698;365287,8384831492
140;199;0,000332376717014326225878989574;365287,8384831492
140;237;0,000188716174113480672979922814;365287,8384831492
140;238;0,000076589564852228502562711543;365287,8384831492
141;72;0,003032844139404228863549084494;250805,4408117048
141;146;0,555676436364618386853919673740;250805,4408117048
141;147;0,409387629984217960021908311319;250805,4408117048
141;148;0,002799646427489390927006995824;250805,4408117048
141;237;0,003287420187736361711777766104;250805,4408117048
142;148;0,000404222228488877049785293893;181465,9007203479
142;149;0,992322185453878402583427487116;181465,9007203479
142;150;0,000518482507709568519842224799;181465,9007203479
142;199;0,000375853288254828366964782616;181465,9007203479
142;204;0,000667711651350564173827695225;181465,9007203479
143;148;0,001238968710702849666469016476;145071,4274335021
143;149;0,002174711879862309925337537919;145071,4274335021
143;150;0,996835086519192392628951893130;145071,4274335021
143;151;0,000207042513530416867183897578;145071,4274335021
143;155;0,000697043442467892133095064278;145071,4274335021
143;172;0,003657773523130864162106190562;145071,4274335021
144;150;0,000598171527932019487378001443;323464,0130932517
144;151;0,119826018647619492174527522366;323464,0130932517
144;154;0,000308129009139740807181329085;323464,0130932517
144;155;0,997181883634810195538022981054;323464,0130932517
144;156;0,095323472830757621787611810760;323464,0130932517
144;172;0,001925183919521821981901688048;323464,0130932517
145;151;0,000277513198072134171894009835;333758,5926602890
145;154;0,241541740239411273361014309558;333758,5926602890
145;155;0,001180550829705485785595109327;333758,5926602890
145;156;0,819839652846407029862518811569;333758,5926602890
145;157;0,000281907795502779124404563182;333758,5926602890
145;161;0,195819700020869125189904025319;333758,5926602890
145;172;0,000369690968229305317802046993;333758,5926602890
146;151;0,000089798729977317955277399397;190839,8660054095
146;153;0,000440429365170958515753735218;190839,8660054095
146;154;0,335449672386776975852029636371;190839,8660054095
146;157;0,000066168207781737000479534150;190839,8660054095
146;158;0,001847685452671413760400431769;190839,8660054095
182;190;0,000208375601160890879751802496;807611,8801965422
182;197;0,002633642003853408752184206421;807611,8801965422
182;210;0,011309673891306664880729293543;807611,8801965422
182;211;0,010785820941878665121804736771;807611,8801965422
182;212;0,000386196095258266390137097401;807611,8801965422
182;218;0,946626225293596412768692971440;807611,8801965422
183;212;0,000067653014213837217387913225;229892,7480761912
183;216;0,100597995249842253606686881540;229892,7480761912
183;217;0,997581540984701975460779976856;229892,7480761912
183;218;0,000770085673282842886333554588;229892,7480761912
184;212;0,000600601625159332807440959456;881419,4631581432
184;215;0,006646997900430213872258189411;881419,4631581432
184;216;0,747167507287719412367721361079;881419,4631581432
184;217;0,002087748603923252500164098322;881419,4631581432
185;201;0,000010772481871600487677003571;986786,2303776452
185;215;0,959563705729562066437665635021;986786,2303776452
185;216;0,149294163304663940472494232381;986786,2303776452
185;245;0,004089425897980787649732548061;986786,2303776452
185;248;0,003503619896589464481617692826;986786,2303776452
186;201;0,179968002658468850807338412778;293976,9494513036
186;207;0,001171943402641192032154204838;293976,9494513036
186;213;0,507527546938177032131989108166;293976,9494513036
186;214;0,983216965285158561727030246402;293976,9494513036
186;215;0,021597163255910069995513467234;293976,9494513036
187;207;0,000606707921816913549675764905;223639,3624619821
187;208;0,000128162536172182712828834794;223639,3624619821
187;209;0,001441507295684783156522468239;223639,3624619821
187;211;0,069609662940001329478612035473;223639,3624619821
187;212;0,113506879911072472433275493131;223639,3624619821
187;213;0,491304312250487706936752374531;223639,3624619821
187;215;0,005070314334387925579716860369;223639,3624619821
187;216;0,002130773148551262739097689192;223639,3624619821
188;211;0,006357259368626583771744176232;305090,2109753084
188;212;0,681151960664348465890327588568;305090,2109753084
188;216;0,000605251225927503711324306757;305090,2109753084
188;218;0,000832007334591288436921596716;305090,2109753084
189;187;0,001117180927739906551657278477;297042,6949377167
189;188;0,006164742555187244232861587534;297042,6949377167
189;210;0,460389122183087085016239825563;297042,6949377167
189;211;0,437270876602648517206262113177;297042,6949377167
189;212;0,204286708689159407503765919500;297042,6949377167
189;218;0,043995253418649474252966058430;297042,6949377167
190;176;0,000004032327165567656589422602;186914,1349004977
190;187;0,010744460201680733693607727730;186914,1349004977
190;209;0,001158574019219852811388160596;186914,1349004977
190;210;0,514512099597294048081153050589;186914,1349004977
190;211;0,475853438042207976810260561251;186914,1349004977
191;176;0,007580821528896654511175956515;236819,2901398903
191;207;0,002189338638333885624087660204;236819,2901398903
191;208;0,999787766870079308567653697537;236819,2901398903
191;209;0,997399918685346054125773207488;236819,2901398903
191;210;0,012412337162125983494598280288;236819,2901398903
191;211;0,000122942105183114242395597815;236819,2901398903
191;213;0,001083705171981966556768450793;236819,2901398903
192;176;0,003951000897112436072156071987;323936,5446250215
192;202;0,016735346962118945179920359578;323936,5446250215
192;206;0,976023451754084780951359334722;323936,5446250215
192;207;0,990163689386176493201219273033;323936,5446250215
192;208;0,000084070593844883816543600563;323936,5446250215
192;213;0,000084435638596669102609593160;323936,5446250215
192;214;0,010056190720468489996353156357;323936,5446250215
193;201;0,002451194611842685746466719010;259619,5624732052
193;202;0,965730359828379514297580499260;259619,5624732052
193;203;0,001953960078130092918591298456;259619,5624732052
193;206;0,010511024848685591309704889795;259619,5624732052
193;214;0,000030596641824609101755448604;259619,5624732052
194;200;0,001981701460157479170037797545;235233,3990553448
194;201;0,814914911448561651852173781663;235233,3990553448
194;214;0,006696247352360522493708305802;235233,3990553448
194;215;0,000841034926971306949321227631;235233,3990553448
194;245;0,000289672468567230901367176576;235233,3990553448
195;198;0,011716861617944445903005679099;361504,4901573688
195;200;0,989591636319607559357791615184;361504,4901573688
195;201;0,002330316441491087423032446679;361504,4901573688
195;202;0,011771216762236042657763235297;361504,4901573688
195;241;0,071793984693850398937087220474;361504,4901573688
195;244;0,012905816268656692888394665886;361504,4901573688
196;174;0,006428372473677753176635185639;129953,8597749900
196;198;0,000236732436121604754774780388;129953,8597749900
196;199;0,007283664476424427276779471896;129953,8597749900
196;200;0,005396804525570158411751364724;129953,8597749900
196;202;0,005012345616009952764535739789;129953,8597749900
196;203;0,997575377522444517452981926908;129953,8597749900
196;204;0,001595388242786464211286912018;129953,8597749900
196;205;0,004710633898735342751928900640;129953,8597749900
197;172;0,000125668637316167942225009213;199524,6366515905
197;174;0,005503915894846458066458350089;199524,6366515905
197;203;0,000001739332646784881124951694;199524,6366515905
197;204;0,103748085574258325225471821796;199524,6366515905
197;205;0,991645001128929837186376516911;199524,6366515905
198;149;0,001814943078727714086476052735;209689,4012511857
198;150;0,001061890143848197038539682424;209689,4012511857
198;172;0,004265454000551867699830843605;209689,4012511857
198;199;0,006747747165426786972175499102;209689,4012511857
198;204;0,886530700969462071014959292370;209689,4012511857
198;205;0,003401276479960154038029163104;209689,4012511857
199;148;0,000339347759236867971104067987;252870,7834089519
199;198;0,024093731353353783908310958850;252870,7834089519
199;199;0,983616858969600604822858258558;252870,7834089519
199;203;0,000468923066600370939092934375;252870,7834089519
199;204;0,007381653805190141297287720334;252870,7834089519
199;238;0,004723663986276902503058661154;252870,7834089519
200;198;0,958095351371637482529308726953;170954,2927598439
200;200;0,001018431334488359516626809764;170954,2927598439
200;234;0,000107506214344925852210120565;170954,2927598439
200;240;0,004000165143036619845584578314;170954,2927598439
201;198;0,000066877817071515525482530706;187742,6726397686
201;199;0,001643499383195459826595419273;187742,6726397686
201;238;0,989727407576396989163924899913;187742,6726397686
201;239;0,064562068126300581338838924239;187742,6726397686
201;240;0,004269068091619919978751962475;187742,6726397686
202;69;0,000000137757998797560215630160;163826,9070629757
202;72;0,000040530066719662075870253548;163826,9070629757
202;147;0,002673975513201832902854260254;163826,9070629757
202;148;0,000233939435572732841017024041;163826,9070629757
202;236;0,004045504465387681630739180605;163826,9070629757
202;237;0,990757822512897345923477132601;163826,9070629757
202;238;0,001787951563407256909410403267;163826,9070629757
202;239;0,000873191354493880371803737894;163826,9070629757
203;69;0,000176024835957672354984707153;195086,1041889582
203;235;0,381516946629721354078412787203;195086,1041889582
203;236;0,991986437789907582462944901636;195086,1041889582
203;237;0,000137858727356586209479225036;195086,1041889582
203;239;0,002405104778342496713722242774;195086,1041889582
204;235;0,000000598735987208432760171839;193977,4617771506
204;236;0,001755729610540456876732751113;193977,4617771506
204;237;0,002374017000866596692476573338;193977,4617771506
204;238;0,003684387309221132979220048043;193977,4617771506
204;239;0,929427393953892844180586507719;193977,4617771506
204;240;0,000247231747661664938518072399;193977,4617771506
205;198;0,005790445404038657532808098694;207824,7669730657
205;200;0,001845181873475154176594825728;207824,7669730657
205;234;0,169705553320756263868673840989;207824,7669730657
205;239;0,001996052540528170295835996839;207824,7669730657
205;240;0,758308018671550398970282458322;207824,7669730657
205;241;0,001253296578236555089413961639;207824,7669730657
206;221;0,000625429263958337546512600280;277776,9049785212
206;222;0,005875812809320238652710521876;277776,9049785212
206;226;0,006635671808886351233369715885;277776,9049785212
206;234;0,630985690954511069250543187081;277776,9049785212
206;241;0,000009658462658377910318649451;277776,9049785212
206;242;0,000529762828922981606795394871;277776,9049785212
207;221;0,009047943938142911576849591881;211190,3891052604
207;234;0,198899290256106475727193583225;211190,3891052604
207;235;0,613579988216473970474851284962;211190,3891052604
207;239;0,000736189246537112280260872765;211190,3891052604
207;240;0,233175516346136701972824312179;211190,3891052604
173;183;0,623693052309719497827700251946;125193,8088574931
173;184;0,001724514063893383981201923305;125193,8088574931
173;185;0,000386263077714198599810907497;125193,8088574931
173;191;0,002180879456642048543763001689;125193,8088574931
174;177;0,003049930903314317185565096580;94549,6540828568
174;183;0,004107027503489340571063426211;94549,6540828568
174;184;0,993041119277313644175819717930;94549,6540828568
174;186;0,003345844333751327951548271145;94549,6540828568
174;187;0,000124863331690269475622925843;94549,6540828568
175;184;0,000763411770073265110066185191;122027,6067929110
175;185;0,013051127922377597084802047789;122027,6067929110
175;186;0,991800836857266165935698154499;122027,6067929110
175;187;0,000427726448841022851600490728;122027,6067929110
175;188;0,001109828720926948333533323954;122027,6067929110
176;176;0,000762776579350784417719866237;156895,5303328680
176;184;0,000566306459308480282868747402;156895,5303328680
176;186;0,001810292170693066256259573521;156895,5303328680
176;187;0,984826705067337604404542616976;156895,5303328680
176;188;0,000088009596948137789034632972;156895,5303328680
177;186;0,002600289256217117820485507096;217746,1188673079
177;187;0,002025940763167699987939984752;217746,1188673079
177;188;0,988189800224984815635309587378;217746,1188673079
177;189;0,017229151130896590282670644001;217746,1188673079
177;210;0,001343889363489203601226273932;217746,1188673079
178;188;0,000017424440135132581824496667;576707,1482525561
178;189;0,976064715723453879547832912067;576707,1482525561
178;190;0,621796964050363443199387347704;576707,1482525561
178;195;0,019810426709316236726365900722;576707,1482525561
178;197;0,011088090508539686154798609152;576707,1482525561
178;210;0,000032877802987846473537370678;576707,1482525561
178;218;0,006878552757200147652061339443;576707,1482525561
179;190;0,023524543237008879725813415007;1741824,7685771044
179;192;0,001402739196829151787845879618;1741824,7685771044
179;194;0,632664609837866653840876551840;1741824,7685771044
179;195;0,971304148438575931656657758140;1741824,7685771044
179;196;0,121437417041588585631117780395;1741824,7685771044
179;197;0,016103320692864554752876671273;1741824,7685771044
180;194;0,098541677021746848508243488141;376683,2458604341
180;195;0,000275677387113836751091067168;376683,2458604341
180;196;0,868254500147334851156699642161;376683,2458604341
181;195;0,007781905308371217001861541718;613836,8265427962
181;196;0,005454364650668240381559126462;613836,8265427962
181;197;0,967923861540701979677692179393;613836,8265427962
181;218;0,000617458987011224361661498872;613836,8265427962
218;224;0,163363032781987438379900368091;446129,7394803395
218;229;0,328431851577004829678685382532;446129,7394803395
218;231;0,000040471241184238331382860832;446129,7394803395
219;224;0,001080439990575413023929374212;628645,4719448686
219;229;0,308339691320353714854007876056;628645,4719448686
219;230;0,000019374047132511060509071910;628645,4719448686
219;231;0,962152870186520292605791837559;628645,4719448686
219;232;0,002059329121905103567036210421;628645,4719448686
219;233;0,000007101288710789474526233200;628645,4719448686
220;231;0,001128769607767861598429659509;200553,5181864686
220;232;0,983005136591004635704393876949;200553,5181864686
220;233;0,011749729489120622899500645531;200553,5181864686
221;227;0,000011787374519827372891045761;132502,9044211619
221;228;0,001509238155660907760441391545;132502,9044211619
221;233;0,591634875126400450184860346781;132502,9044211619
222;228;0,004225629754372659668826273105;246999,5828830563
222;229;0,003623846933509322371796956830;246999,5828830563
222;230;0,999980625952969770509071167908;246999,5828830563
222;231;0,017950754943220490617017404134;246999,5828830563
222;233;0,004312948991612020402386384887;246999,5828830563
223;227;0,002719887819962536496670724162;335380,2574485689
223;228;0,790236017875708629532027771347;335380,2574485689
224;222;0,152870028781692202102249211748;369789,2742637349
224;225;0,069709572155708068863511073232;369789,2742637349
224;226;0,840797511574472911100031069509;369789,2742637349
224;227;0,001744187314175854293732403910;369789,2742637349
224;228;0,000565982851211089166461321032;369789,2742637349
225;227;0,984926399417024978077961350209;380570,0968558453
225;228;0,000885795280158785478669125624;380570,0968558453
225;233;0,386280128634179320545882774240;380570,0968558453
226;226;0,001921011429499966220724171961;228544,0009481255
226;227;0,005474948821276907906518971458;228544,0009481255
226;234;0,000301959253946727714402326059;228544,0009481255
226;241;0,003491901091791094636357373204;228544,0009481255
226;242;0,995746978818190187077163955109;228544,0009481255
226;243;0,009385103338702129385784367344;228544,0009481255
226;244;0,000023504662318025697632754845;228544,0009481255
227;241;0,914738221021212605243988491566;120345,7153782472
227;244;0,000829977342110894814909693995;120345,7153782472
228;200;0,000166244486713808378632734053;222210,9474732429
228;241;0,008712938152228290669687460479;222210,9474732429
228;244;0,985649734773361041462180764938;222210,9474732429
228;245;0,007385715253378132873207650988;222210,9474732429
229;227;0,005117597473440461952609581431;162888,3525312934
229;242;0,003723258353047937795760047308;162888,3525312934
229;243;0,990602531785314766032968236686;162888,3525312934
229;244;0,000590966953242050784499139748;162888,3525312934
229;245;0,000001004733275935097473307439;162888,3525312934
229;246;0,004458011474660850993745331294;162888,3525312934
230;227;0,000005191779676842920988270175;167079,2701616324
230;233;0,005915004902282078660946673665;167079,2701616324
230;243;0,000012364876099102417921979380;167079,2701616324
230;245;0,000200776176975636785546064367;167079,2701616324
230;246;0,980477018117693943644042064989;167079,2701616324
231;200;0,000000000000110934823492571246;349258,1981135011
231;201;0,000324802357987008917614840664;349258,1981135011
231;215;0,000000000000090728209796293132;349258,1981135011
231;245;0,974301132926584823046312067163;349258,1981135011
231;248;0,001377112190736066912183366284;349258,1981135011
232;215;0,001851137137956930479518180555;427283,2960634045
232;245;0,013730209738292127250036678277;427283,2960634045
232;248;0,993095230678444851335484599986;427283,2960634045
233;232;0,005236887446232355719510920267;186357,6303810235
233;233;0,000100211567497295256715106326;186357,6303810235
233;245;0,000002062804652234774989904773;186357,6303810235
233;246;0,015064970407967602852861155327;186357,6303810235
233;247;1,000000000000170530256582424045;186357,6303810235
233;248;0,000132792976970036620543158534;186357,6303810235
208;66;0,010975273667444506581203356177;882497,8912751046
208;67;0,004913371028366918767671389645;882497,8912751046
208;68;0,025611304101086911078066776781;882497,8912751046
208;220;0,086566040181865741565125915713;882497,8912751046
208;221;0,978506536949483751719469637464;882497,8912751046
208;222;0,664366862805076952014360358589;882497,8912751046
208;235;0,000598314416835628152570303318;882497,8912751046
209;6;0,001385852451311065259426102969;239543,4949015453
209;10;0,001030196653558507809828048707;239543,4949015453
209;65;0,001563082968593314421579254514;239543,4949015453
209;66;0,000547020689113360616961934113;239543,4949015453
209;219;0,524352007549735321667583320959;239543,4949015453
209;220;0,000415665718866805233497330185;239543,4949015453
209;221;0,004879105108441022554954802359;239543,4949015453
210;5;0,001809467497500438781798948185;511071,0854354203
210;6;0,003375136683151329277524643757;511071,0854354203
210;219;0,470188345883258085322609076684;511071,0854354203
210;220;0,261187288132952111219253765739;511071,0854354203
211;5;0,000127012685408820570663948613;413768,8923279895
211;220;0,356115831717845832127267158285;413768,8923279895
212;220;0,084073251539554624822692119324;378683,2064750930
212;221;0,000445410822901905775837022583;378683,2064750930
212;222;0,001097956214678279035154573329;378683,2064750930
212;223;0,350918057307129827027125656969;378683,2064750930
213;220;0,131624408061595338237381724866;560694,8041318434
213;223;0,394718802090275211469361238414;560694,8041318434
213;224;0,121982704729371810303817369459;560694,8041318434
213;225;0,000401512901248329519884178174;560694,8041318434
214;222;0,175789339389154086745747918030;294436,2817356111
214;223;0,126726383968608968810798387494;294436,2817356111
214;225;0,258799808869569936131682652558;294436,2817356111
214;226;0,114799235913722527668845430071;294436,2817356111
215;224;0,224333571312502255690191077520;333216,2476659417
215;225;0,671089106073556762588339097420;333216,2476659417
215;226;0,035846569273527098542508895207;333216,2476659417
215;228;0,000542529017019128547393014284;333216,2476659417
215;229;0,000345800955294291916062437986;333216,2476659417
216;228;0,202034807065715249496662409001;239560,2151579000
216;229;0,142456084845515196235510302358;239560,2151579000
217;220;0,000548904975677512213701192412;541262,6139049283
217;223;0,126459322422091874349447948589;541262,6139049283
217;224;0,479457553192109642292706439548;541262,6139049283
217;229;0,139056437011555317218025606962;541262,6139049283
